customer_id,country,segment,acquisition_channel,first_order_value,first_order_items,newsletter,support_tickets,website_visits_first_month,orders_in_period,six_month_spend
C-0001,Germany,business,ads,315.63,3,0,0,8,13,831.52
C-0002,Germany,consumer,ads,180.16,2,1,1,11,10,698.82
C-0003,Slovenia,business,ads,290.84,2,0,0,9,18,1118.98
C-0004,Croatia,consumer,ads,82.47,3,0,1,8,2,118.75
C-0005,Slovenia,business,organic,70.71,3,0,0,4,3,326.56
C-0006,Austria,business,referral,109.98,3,1,0,7,13,919.46
C-0007,Slovenia,consumer,social,135.1,2,1,0,9,5,415.39
C-0008,Austria,business,referral,25.98,1,0,0,12,8,538.77
C-0009,Austria,consumer,social,113.02,2,0,0,4,5,320.3
C-0010,Austria,consumer,organic,75.38,1,1,0,5,9,602.38
C-0011,Slovenia,business,organic,211.89,3,1,1,7,8,535.32
C-0012,Germany,consumer,organic,211.53,3,1,3,6,13,807.08
C-0013,Slovenia,consumer,organic,34.02,3,0,0,10,1,89.74
C-0015,Croatia,consumer,ads,249.06,3,0,1,8,5,369.63
C-0017,Germany,consumer,organic,227.82,3,1,1,6,7,542.64
C-0018,Germany,consumer,social,134.37,3,0,0,3,5,401.01
C-0019,Italy,consumer,social,151.66,2,0,0,9,4,349.37
C-0020,Hungary,consumer,ads,464.67,3,1,1,7,13,829.77
C-0021,Slovenia,consumer,organic,201.03,3,1,2,6,6,434.7
C-0022,Croatia,business,organic,356.28,2,0,0,5,11,776.26
C-0023,Slovenia,consumer,ads,79.18,1,1,1,8,4,237.08
C-0024,Hungary,business,referral,682.12,4,0,1,5,20,1450.75
C-0025,Slovenia,consumer,organic,289.83,3,0,2,7,8,577.24
C-0026,Slovenia,business,organic,271.14,2,0,2,7,6,453.67
C-0027,Italy,business,social,132.6,1,0,0,4,7,518.5
C-0029,Germany,consumer,organic,276.27,3,1,1,5,11,840.71
C-0030,Austria,consumer,ads,123.44,2,1,0,12,7,480.65
C-0031,Germany,consumer,organic,377.43,3,1,1,5,10,751.29
C-0032,Germany,consumer,organic,119.4,2,1,2,6,9,598.17
C-0033,Croatia,consumer,organic,186.81,3,1,0,1,4,296.33
C-0034,Italy,business,referral,256.34,2,0,0,7,12,778.0
C-0035,Germany,consumer,organic,151.98,3,1,1,11,9,599.44
C-0036,Austria,consumer,organic,88.88,2,1,2,4,7,543.1
C-0037,Italy,consumer,ads,312.09,3,0,1,6,12,760.56
C-0038,Slovenia,consumer,organic,138.48,2,1,0,4,6,462.37
C-0039,Austria,business,organic,519.44,4,1,1,13,20,1454.43
C-0040,Slovenia,consumer,organic,62.65,1,1,0,9,2,211.49
C-0041,Hungary,consumer,organic,91.09,1,0,1,4,5,474.24
C-0043,Slovenia,consumer,referral,77.8,1,0,1,3,1,20.0
C-0044,Germany,consumer,ads,300.56,2,0,1,7,13,917.37
C-0045,Slovenia,consumer,referral,76.92,1,1,0,9,3,303.91
C-0047,Croatia,consumer,social,60.55,1,1,0,12,7,372.4
C-0048,Germany,consumer,referral,60.79,1,0,2,10,7,613.32
C-0049,Slovenia,business,social,149.0,2,1,0,6,9,657.52
C-0050,Italy,consumer,social,231.57,3,1,1,3,8,604.06
C-0051,Germany,business,organic,153.19,1,1,0,10,13,863.39
C-0052,Hungary,consumer,ads,461.16,3,0,1,4,10,663.86
C-0054,Slovenia,business,organic,106.76,4,1,0,4,5,375.57
C-0055,Slovenia,consumer,ads,134.27,1,0,1,8,5,430.75
C-0056,Slovenia,consumer,ads,54.2,1,1,2,6,3,271.02
C-0057,Slovenia,consumer,referral,45.72,1,1,2,8,5,311.05
C-0058,Austria,business,social,61.2,1,0,1,8,9,629.7
C-0060,Croatia,consumer,organic,444.21,3,1,1,11,16,1113.67
C-0061,Austria,consumer,ads,61.34,1,0,1,3,2,175.05
C-0065,Austria,consumer,referral,255.51,3,1,1,6,11,778.12
C-0066,Austria,consumer,organic,311.34,3,0,1,10,7,577.6
C-0067,Slovenia,consumer,ads,431.91,3,0,0,10,9,692.51
C-0069,Hungary,consumer,ads,289.59,3,0,0,5,6,471.74
C-0071,Italy,consumer,referral,73.74,1,1,2,4,5,377.36
C-0072,Italy,business,organic,383.58,3,0,1,12,14,955.1
C-0073,Austria,consumer,organic,128.4,2,1,0,8,8,563.84
C-0074,Hungary,consumer,ads,61.54,1,0,0,5,4,216.55
C-0075,Slovenia,business,ads,236.7,3,1,0,12,12,940.98
C-0076,Hungary,consumer,referral,66.5,1,0,1,11,6,398.6
C-0077,Slovenia,business,ads,291.21,3,1,0,7,10,714.12
C-0078,Croatia,business,organic,385.95,3,0,0,8,17,1077.1
C-0079,Croatia,consumer,ads,173.55,3,0,0,11,5,363.94
C-0080,Slovenia,consumer,organic,138.44,2,0,1,8,6,474.94
C-0081,Slovenia,consumer,social,152.34,2,1,0,12,6,425.21
C-0082,Italy,consumer,referral,132.96,2,0,0,7,9,626.25
C-0083,Hungary,consumer,organic,236.88,3,0,2,8,9,637.41
C-0084,Croatia,consumer,organic,68.96,2,1,2,6,4,237.76
C-0085,Hungary,consumer,ads,23.91,1,0,0,10,3,155.0
C-0086,Germany,consumer,organic,74.24,2,1,1,6,13,841.45
C-0087,Italy,consumer,organic,111.28,2,0,1,8,3,247.43
C-0088,Germany,business,organic,184.56,3,1,0,7,11,688.31
C-0089,Slovenia,consumer,ads,275.22,3,1,1,9,9,592.47
C-0090,Slovenia,consumer,ads,181.41,3,1,0,6,4,354.39
C-0091,Germany,consumer,ads,69.06,2,1,0,9,4,299.76
C-0092,Germany,consumer,ads,167.07,3,1,1,2,7,511.73
C-0093,Slovenia,consumer,ads,118.6,2,1,0,4,6,440.33
C-0094,Croatia,consumer,ads,25.76,1,0,1,7,1,20.0
C-0095,Croatia,business,organic,63.04,1,1,0,6,5,412.18
C-0096,Germany,consumer,ads,81.09,3,1,1,7,6,332.25
C-0097,Croatia,consumer,social,286.41,3,1,0,7,7,494.95
C-0098,Italy,business,organic,64.3,2,0,0,4,7,578.35
C-0099,Italy,consumer,organic,79.27,1,1,0,4,4,267.21
C-0100,Italy,business,organic,194.1,3,0,0,8,8,526.32
C-0101,Austria,business,ads,159.63,3,1,1,7,12,798.43
C-0102,Germany,business,referral,65.6,1,1,0,7,12,774.37
C-0103,Italy,consumer,referral,408.54,3,0,0,9,15,949.37
C-0104,Slovenia,consumer,organic,229.65,3,0,2,6,6,433.83
C-0105,Slovenia,consumer,ads,298.8,2,0,1,12,10,661.37
C-0107,Germany,consumer,ads,81.71,1,1,0,7,5,351.86
C-0108,Slovenia,consumer,ads,208.96,2,0,0,12,8,546.16
C-0109,Slovenia,consumer,ads,56.37,1,1,1,9,4,415.68
C-0110,Croatia,consumer,ads,297.66,2,1,0,6,9,667.1
C-0111,Slovenia,consumer,referral,104.3,1,1,3,5,6,416.44
C-0112,Germany,consumer,referral,223.2,2,0,1,6,8,591.98
C-0113,Italy,consumer,organic,154.64,1,1,0,9,9,611.53
C-0114,Slovenia,consumer,organic,149.22,1,1,1,7,8,522.79
C-0115,Hungary,consumer,referral,108.24,2,1,1,8,2,185.41
C-0116,Slovenia,consumer,organic,283.5,3,0,0,7,5,423.91
C-0117,Slovenia,business,ads,297.32,4,0,0,8,11,776.26
C-0118,Slovenia,consumer,ads,149.94,2,0,1,11,8,570.24
C-0119,Slovenia,consumer,organic,444.24,3,0,1,4,15,1022.61
C-0120,Slovenia,consumer,ads,223.22,2,0,1,8,10,634.52
C-0121,Slovenia,consumer,social,169.47,3,1,1,7,7,450.32
C-0122,Slovenia,consumer,organic,24.99,1,1,0,5,7,443.1
C-0123,Slovenia,consumer,organic,253.8,2,0,0,7,7,508.77
C-0124,Croatia,business,social,177.24,3,0,0,7,8,538.96
C-0125,Austria,consumer,ads,70.85,1,1,1,5,3,190.74
C-0126,Italy,consumer,organic,207.51,3,1,1,5,7,533.85
C-0127,Italy,consumer,organic,204.76,2,1,3,9,7,500.9
C-0128,Croatia,consumer,ads,155.96,2,0,1,3,8,563.77
C-0129,Germany,consumer,organic,421.83,3,0,0,9,15,1138.55
C-0130,Germany,consumer,social,249.48,3,1,1,5,10,672.08
C-0131,Slovenia,business,ads,280.14,3,0,1,5,11,821.59
C-0132,Slovenia,business,organic,266.52,3,0,0,6,10,694.91
C-0133,Slovenia,consumer,ads,117.06,1,1,1,6,1,79.21
C-0134,Slovenia,consumer,social,166.44,2,1,2,8,6,378.0
C-0135,Croatia,business,organic,27.66,3,1,0,6,6,511.75
C-0136,Italy,business,referral,120.9,2,0,0,10,11,683.21
C-0137,Slovenia,business,ads,166.04,2,1,1,7,9,594.66
C-0138,Italy,consumer,ads,125.15,1,1,1,8,8,544.68
C-0139,Croatia,consumer,ads,191.22,2,0,0,9,6,423.1
C-0140,Slovenia,consumer,organic,216.68,2,1,0,6,7,432.99
C-0141,Germany,consumer,referral,257.12,2,0,0,6,11,802.84
C-0142,Slovenia,consumer,ads,143.46,1,0,1,7,5,326.06
C-0143,Hungary,business,ads,192.76,2,0,0,10,12,761.74
C-0144,Slovenia,consumer,referral,186.42,3,0,1,5,2,253.56
C-0145,Germany,consumer,referral,63.82,1,0,3,9,5,356.92
C-0146,Germany,consumer,ads,334.56,3,0,0,4,12,840.94
C-0147,Hungary,business,ads,325.3,2,1,0,9,14,943.21
C-0148,Germany,consumer,ads,178.86,3,0,0,4,6,489.53
C-0149,Germany,consumer,ads,174.45,3,0,2,5,7,555.04
C-0150,Croatia,business,social,62.92,1,0,0,7,5,416.19
C-0151,Germany,consumer,ads,65.5,2,0,0,9,2,194.67
C-0152,Slovenia,consumer,organic,94.68,1,1,1,7,5,344.04
C-0153,Croatia,consumer,organic,25.76,1,0,0,16,4,328.64
C-0155,Germany,business,ads,27.47,1,0,0,6,7,516.23
C-0156,Italy,business,organic,105.81,1,1,1,6,9,575.16
C-0157,Italy,consumer,organic,63.32,1,1,1,13,5,349.32
C-0158,Croatia,consumer,ads,398.55,3,0,3,7,10,628.87
C-0159,Slovenia,business,referral,64.98,2,0,0,8,8,590.07
C-0161,Italy,consumer,organic,55.46,2,1,0,6,6,423.09
C-0162,Italy,consumer,organic,444.48,3,1,0,6,15,1088.57
C-0163,Slovenia,consumer,ads,86.44,2,0,0,5,3,158.51
C-0164,Italy,business,ads,178.77,3,0,1,6,9,650.28
C-0165,Italy,consumer,social,121.68,2,0,3,6,4,277.15
C-0166,Italy,consumer,ads,126.52,2,1,0,8,7,460.24
C-0167,Italy,consumer,ads,272.54,2,0,0,7,13,997.4
C-0168,Austria,business,referral,55.02,2,0,0,12,10,683.99
C-0169,Slovenia,consumer,referral,163.92,2,0,1,4,4,363.82
C-0170,Hungary,consumer,ads,247.95,3,0,0,5,7,485.14
C-0171,Germany,consumer,ads,158.28,2,1,1,7,8,510.99
C-0172,Italy,consumer,ads,71.07,3,0,2,6,5,318.2
C-0174,Croatia,consumer,organic,224.88,3,0,1,6,5,338.31
C-0175,Germany,consumer,social,250.77,3,0,0,11,9,715.69
C-0176,Austria,consumer,ads,238.02,3,0,1,4,5,317.13
C-0177,Germany,business,ads,35.7,3,1,3,5,4,293.03
C-0178,Croatia,consumer,ads,166.46,2,1,0,6,10,710.55
C-0179,Croatia,consumer,organic,50.16,2,0,0,8,3,222.16
C-0180,Slovenia,consumer,organic,101.94,3,1,0,4,7,552.38
C-0181,Austria,business,organic,223.28,2,0,0,10,10,690.98
C-0182,Slovenia,business,organic,411.39,3,0,0,6,10,739.54
C-0183,Austria,consumer,referral,258.75,3,0,1,8,7,569.66
C-0184,Germany,business,organic,205.02,2,1,0,10,17,1174.03
C-0185,Slovenia,business,social,77.93,1,0,1,5,3,243.35
C-0186,Croatia,consumer,organic,145.46,1,1,0,2,9,632.8
C-0187,Slovenia,consumer,ads,59.24,1,0,0,6,5,301.94
C-0188,Austria,consumer,referral,69.93,3,0,0,4,6,377.87
C-0189,Slovenia,consumer,organic,153.25,1,0,0,9,4,362.63
C-0190,Hungary,consumer,organic,100.76,2,1,0,6,3,242.56
C-0191,Slovenia,consumer,social,170.97,3,1,0,4,9,515.06
C-0192,Hungary,consumer,ads,64.68,2,0,0,7,7,406.4
C-0193,Germany,consumer,referral,423.06,3,0,0,8,15,1018.43
C-0194,Croatia,business,ads,240.08,2,0,1,6,11,785.57
C-0195,Germany,business,ads,419.52,4,0,0,11,15,1072.03
C-0196,Germany,consumer,referral,185.97,3,0,2,6,12,868.19
C-0197,Hungary,consumer,ads,58.78,1,1,0,7,4,306.87
C-0198,Slovenia,business,ads,289.14,3,0,0,10,15,1076.77
C-0199,Croatia,consumer,organic,182.97,3,0,0,11,5,386.1
C-0200,Slovenia,consumer,organic,77.73,1,1,3,4,5,329.74
C-0201,Croatia,consumer,social,78.45,1,0,3,10,4,424.46
C-0202,Slovenia,consumer,organic,150.73,1,0,0,5,7,433.92
C-0203,Croatia,consumer,referral,53.24,2,0,0,3,5,321.9
C-0204,Croatia,business,social,481.17,3,1,1,6,16,981.65
C-0205,Italy,consumer,ads,11.75,1,1,3,9,3,229.11
C-0207,Austria,consumer,referral,386.28,3,1,1,10,12,858.63
C-0208,Germany,consumer,social,28.26,3,0,1,11,4,308.53
C-0209,Italy,consumer,organic,107.9,2,1,2,5,6,394.09
C-0210,Croatia,business,organic,251.2,4,0,1,14,10,736.79
C-0211,Hungary,consumer,organic,154.08,2,0,1,8,6,492.57
C-0212,Slovenia,consumer,social,80.22,3,0,1,10,3,175.21
C-0213,Slovenia,business,ads,213.09,3,1,0,10,7,477.3
C-0214,Slovenia,consumer,ads,286.11,3,0,0,6,7,550.33
C-0216,Italy,business,referral,82.78,1,1,0,4,11,827.5
C-0217,Germany,consumer,organic,259.14,2,0,1,7,13,756.36
C-0218,Austria,consumer,organic,144.18,3,0,0,8,6,381.91
C-0219,Italy,consumer,organic,224.96,2,1,1,6,10,669.57
C-0220,Germany,consumer,social,97.85,1,1,1,9,6,440.79
C-0221,Austria,business,organic,248.36,4,0,0,7,13,853.83
C-0222,Slovenia,consumer,organic,59.85,1,1,0,7,6,443.85
C-0223,Italy,consumer,ads,26.35,1,1,0,7,5,309.35
C-0225,Slovenia,business,organic,352.4,4,1,1,8,14,985.91
C-0226,Slovenia,business,ads,95.31,3,0,0,9,9,689.31
C-0227,Hungary,consumer,organic,257.43,3,1,1,9,10,700.35
C-0228,Italy,business,referral,259.89,3,0,1,10,12,875.18
C-0229,Italy,consumer,organic,61.52,1,1,1,4,4,339.71
C-0230,Austria,business,organic,166.0,2,0,1,10,9,629.86
C-0231,Croatia,business,ads,193.92,2,1,0,11,7,553.58
C-0232,Hungary,consumer,organic,214.1,2,1,0,4,9,602.36
C-0233,Germany,consumer,organic,334.11,3,1,2,4,15,990.15
C-0234,Italy,consumer,social,77.34,1,0,1,7,4,355.22
C-0235,Italy,business,organic,175.07,1,1,0,9,12,791.85
C-0236,Hungary,consumer,referral,102.06,2,1,1,9,4,303.41
C-0237,Austria,consumer,referral,62.19,1,0,1,9,5,320.98
C-0238,Hungary,consumer,organic,93.16,1,1,1,6,2,182.83
C-0239,Slovenia,business,referral,150.84,2,1,2,5,8,620.15
C-0240,Germany,business,referral,609.64,4,0,0,3,22,1530.32
C-0242,Slovenia,business,organic,44.02,1,1,2,9,5,399.25
C-0243,Croatia,business,ads,648.6,4,0,1,4,18,1319.43
C-0244,Austria,consumer,referral,224.58,3,0,0,8,10,734.13
C-0245,Slovenia,business,organic,56.2,1,0,2,3,6,557.94
C-0246,Italy,consumer,social,59.17,1,1,0,10,2,138.79
C-0247,Germany,consumer,social,356.46,3,0,0,8,11,757.75
C-0248,Slovenia,consumer,referral,25.39,1,1,3,12,4,261.34
C-0249,Italy,consumer,ads,164.26,2,1,0,5,6,378.23
C-0250,Italy,consumer,social,106.68,3,1,1,12,5,390.82
C-0252,Germany,business,ads,52.42,2,1,0,3,5,267.44
C-0253,Germany,consumer,ads,61.78,1,0,0,2,3,265.9
C-0254,Slovenia,consumer,social,167.42,2,1,1,8,7,479.25
C-0255,Hungary,consumer,social,469.86,3,1,1,6,11,775.38
C-0256,Germany,business,organic,17.8,2,0,1,5,6,388.27
C-0257,Slovenia,consumer,referral,105.3,3,0,0,8,6,402.92
C-0258,Germany,consumer,organic,113.7,1,1,1,10,8,546.9
C-0259,Slovenia,consumer,organic,69.18,3,0,0,9,1,117.39
C-0260,Hungary,consumer,ads,107.54,1,0,1,10,6,424.6
C-0261,Austria,consumer,ads,442.83,3,0,2,9,13,1045.07
C-0263,Slovenia,consumer,social,52.54,2,1,1,5,3,171.26
C-0264,Germany,consumer,social,470.94,3,0,1,7,16,1201.25
C-0265,Slovenia,consumer,social,168.24,2,0,3,8,7,488.16
C-0266,Slovenia,consumer,referral,152.05,1,1,1,10,8,577.19
C-0267,Slovenia,business,ads,235.62,3,0,0,8,12,804.38
C-0268,Germany,business,organic,182.14,2,0,1,2,8,555.3
C-0269,Slovenia,business,referral,257.7,2,0,3,7,9,751.14
C-0270,Germany,consumer,organic,8.99,1,1,2,9,6,432.58
C-0271,Austria,consumer,social,321.54,3,0,0,9,9,640.74
C-0272,Slovenia,consumer,ads,183.84,3,1,1,8,7,477.09
C-0273,Slovenia,consumer,referral,286.56,2,0,1,2,11,711.62
C-0274,Slovenia,business,social,240.44,4,1,1,5,10,763.44
C-0275,Croatia,consumer,organic,52.34,2,0,2,5,3,246.36
C-0276,Germany,consumer,social,86.64,2,1,0,8,6,438.45
C-0277,Slovenia,consumer,social,175.11,3,0,1,9,7,429.32
C-0278,Germany,consumer,referral,55.17,1,0,2,5,7,484.87
C-0279,Slovenia,consumer,social,87.57,1,1,0,9,9,617.37
C-0280,Germany,consumer,social,74.13,3,1,2,3,5,402.19
C-0281,Hungary,consumer,referral,429.27,3,0,1,9,16,1053.09
C-0282,Germany,consumer,social,156.52,1,0,1,6,7,424.84
C-0284,Germany,business,ads,266.54,2,0,0,7,10,759.27
C-0285,Slovenia,consumer,ads,279.33,3,1,0,6,8,557.4
C-0286,Slovenia,consumer,organic,53.36,1,1,2,7,3,208.58
C-0287,Slovenia,consumer,organic,223.14,3,0,0,4,9,486.33
C-0288,Croatia,consumer,ads,88.02,3,0,1,5,6,391.6
C-0289,Austria,consumer,organic,309.51,3,0,1,9,13,886.58
C-0290,Croatia,consumer,referral,81.06,3,1,2,8,5,327.99
C-0291,Germany,consumer,social,250.05,3,0,0,8,9,606.59
C-0292,Slovenia,consumer,organic,503.46,3,0,0,5,15,980.28
C-0293,Austria,consumer,ads,144.69,3,0,0,2,6,443.77
C-0294,Slovenia,consumer,organic,56.34,1,1,0,5,6,383.48
C-0295,Slovenia,consumer,ads,239.07,3,0,1,9,6,523.62
C-0296,Austria,consumer,organic,179.61,3,0,2,5,7,492.32
C-0297,Hungary,consumer,organic,454.74,3,0,2,3,15,1018.92
C-0300,Croatia,consumer,organic,129.48,3,1,0,9,6,413.34
C-0301,Slovenia,consumer,organic,77.86,1,1,1,3,4,254.75
C-0302,Germany,consumer,organic,64.92,1,1,0,6,6,407.18
C-0303,Austria,consumer,social,241.26,3,0,1,5,8,585.78
C-0304,Slovenia,consumer,ads,279.87,3,1,0,4,6,446.18
C-0305,Slovenia,consumer,organic,62.77,1,1,1,5,4,264.97
C-0307,Hungary,consumer,organic,480.81,3,1,0,6,15,1015.79
C-0308,Italy,consumer,social,26.02,1,0,1,5,7,452.19
C-0309,Germany,consumer,ads,105.9,1,0,2,7,5,361.33
C-0310,Croatia,consumer,organic,82.98,3,0,0,5,6,388.38
C-0311,Croatia,consumer,social,294.72,3,1,0,4,9,649.95
C-0312,Slovenia,business,social,181.86,3,1,1,10,12,820.98
C-0313,Hungary,consumer,organic,259.56,3,1,1,7,8,540.94
C-0314,Italy,consumer,organic,73.05,3,1,0,6,7,508.78
C-0315,Croatia,business,referral,100.26,1,1,2,10,12,775.68
C-0316,Austria,consumer,referral,83.98,1,0,1,6,8,583.94
C-0318,Hungary,consumer,organic,277.17,3,0,1,6,11,770.9
C-0320,Croatia,business,organic,283.29,3,1,1,4,13,833.12
C-0321,Italy,consumer,ads,58.25,1,0,1,5,3,346.32
C-0322,Italy,consumer,organic,138.1,1,1,0,6,7,422.51
C-0325,Slovenia,consumer,referral,95.61,1,1,1,7,2,143.11
C-0326,Italy,consumer,organic,80.42,1,1,1,10,6,450.66
C-0327,Italy,business,ads,119.34,2,0,0,5,7,510.82
C-0328,Croatia,consumer,social,25.41,1,1,1,7,4,344.04
C-0329,Croatia,consumer,organic,170.64,3,1,1,7,9,603.77
C-0330,Italy,consumer,social,114.14,2,0,0,4,2,200.85
C-0331,Italy,consumer,organic,122.28,2,1,0,5,11,733.04
C-0332,Slovenia,consumer,ads,125.26,2,1,1,3,7,430.93
C-0333,Croatia,consumer,referral,258.78,2,1,1,13,8,560.53
C-0334,Italy,consumer,social,162.0,3,0,1,11,3,330.18
C-0335,Slovenia,consumer,organic,132.9,2,1,0,4,1,151.42
C-0336,Italy,consumer,referral,169.89,3,0,1,5,8,597.28
C-0337,Italy,business,organic,538.96,4,0,2,10,17,1201.48
C-0338,Slovenia,business,organic,62.44,1,1,1,9,7,410.86
C-0339,Croatia,consumer,ads,51.76,2,1,2,5,1,187.32
C-0340,Croatia,consumer,social,62.94,2,0,0,6,2,192.13
C-0341,Austria,business,organic,344.2,4,1,1,8,16,1084.68
C-0342,Croatia,consumer,ads,186.32,2,1,0,14,5,358.55
C-0343,Austria,consumer,organic,79.83,3,0,1,10,4,269.0
C-0344,Italy,business,ads,73.2,3,1,0,10,8,605.25
C-0345,Germany,business,ads,278.79,3,1,2,13,13,888.8
C-0346,Croatia,consumer,ads,302.58,2,1,0,6,10,750.91
C-0347,Italy,business,social,78.6,1,1,1,5,7,428.58
C-0348,Croatia,consumer,referral,171.09,3,1,0,4,11,696.6
C-0349,Italy,consumer,referral,160.22,2,0,0,6,8,521.44
C-0350,Croatia,consumer,organic,403.77,3,0,1,6,14,968.32
C-0351,Austria,consumer,organic,171.54,2,0,0,11,9,623.18
C-0352,Germany,business,referral,35.7,3,1,1,5,9,624.41
C-0353,Hungary,consumer,social,69.24,3,1,0,9,4,197.73
C-0354,Croatia,business,organic,239.32,4,0,1,6,12,857.83
C-0355,Croatia,consumer,ads,107.6,1,0,0,7,6,357.13
C-0356,Germany,consumer,ads,159.56,2,1,0,4,6,412.07
C-0357,Italy,consumer,ads,32.62,1,0,2,6,1,20.0
C-0359,Italy,consumer,ads,473.52,3,0,0,7,14,973.12
C-0360,Slovenia,consumer,ads,35.32,1,0,0,9,7,436.0
C-0361,Slovenia,business,social,164.98,2,0,1,9,7,481.57
C-0362,Germany,consumer,social,183.9,2,1,0,6,6,450.64
C-0363,Slovenia,consumer,ads,62.1,1,0,1,6,3,223.83
C-0365,Italy,business,referral,107.56,4,1,0,9,11,780.75
C-0366,Slovenia,consumer,social,74.43,3,1,0,7,1,87.49
C-0368,Austria,consumer,referral,166.97,1,0,0,5,7,445.88
C-0369,Slovenia,consumer,social,233.49,3,0,1,7,8,400.86
C-0370,Germany,consumer,organic,115.53,1,0,1,5,8,515.11
C-0371,Germany,consumer,organic,246.72,3,0,0,9,11,672.91
C-0372,Italy,business,referral,131.46,3,1,0,7,8,620.01
C-0373,Slovenia,business,organic,372.44,4,1,0,7,14,971.39
C-0374,Croatia,consumer,referral,301.18,2,1,0,3,12,796.99
C-0375,Slovenia,consumer,organic,158.92,2,1,0,6,10,623.47
C-0376,Italy,business,organic,97.28,4,0,2,10,11,688.73
C-0378,Hungary,consumer,social,237.46,2,1,1,6,9,605.86
C-0379,Germany,business,referral,460.72,4,0,2,10,21,1405.14
C-0380,Italy,business,social,456.54,3,0,1,10,13,979.01
C-0381,Austria,consumer,referral,107.54,1,0,0,6,8,489.52
C-0382,Austria,business,ads,124.3,2,1,1,4,12,898.45
C-0383,Italy,consumer,social,107.39,1,1,0,11,4,201.23
C-0386,Slovenia,business,ads,235.62,3,1,0,8,11,697.21
C-0387,Croatia,business,organic,66.0,2,0,0,5,5,296.12
C-0388,Slovenia,consumer,ads,278.73,3,0,0,5,11,637.06
C-0389,Slovenia,consumer,social,159.84,2,0,0,7,9,588.47
C-0390,Germany,consumer,organic,62.49,1,1,0,9,6,508.17
C-0391,Hungary,consumer,referral,129.76,1,1,3,11,7,449.45
C-0392,Croatia,consumer,organic,76.29,3,1,0,6,4,404.27
C-0393,Germany,consumer,referral,235.02,2,0,1,12,10,692.82
C-0394,Hungary,consumer,ads,313.68,2,1,1,6,10,700.18
C-0395,Slovenia,consumer,ads,155.6,2,1,1,9,8,562.29
C-0396,Italy,business,organic,209.52,3,0,0,4,12,905.33
C-0397,Italy,consumer,referral,417.51,3,1,1,7,14,1017.2
C-0398,Slovenia,business,organic,481.74,3,0,0,9,17,1169.0
C-0399,Austria,consumer,social,141.03,1,0,2,4,10,661.07
C-0400,Italy,business,organic,421.35,3,0,0,7,12,807.66
C-0401,Italy,consumer,organic,61.93,1,1,0,6,7,341.59
C-0402,Slovenia,business,organic,173.4,2,1,2,7,8,582.78
C-0403,Slovenia,consumer,referral,119.26,2,0,1,6,6,375.01
C-0404,Germany,consumer,social,23.66,2,0,1,6,5,342.35
C-0405,Slovenia,business,social,104.14,1,0,2,6,8,593.21
C-0406,Slovenia,business,organic,275.22,2,0,0,11,12,764.3
C-0407,Slovenia,business,organic,315.44,4,1,0,10,14,1013.35
C-0408,Italy,business,referral,71.98,2,0,0,6,4,401.96
C-0409,Croatia,consumer,organic,193.26,2,0,0,8,5,336.16
C-0410,Italy,consumer,ads,167.46,3,0,0,9,7,492.79
C-0411,Slovenia,consumer,referral,223.06,2,0,1,6,9,543.58
C-0412,Slovenia,business,ads,25.13,1,1,1,4,7,577.52
C-0413,Germany,consumer,organic,416.16,3,1,0,4,18,1227.91
C-0414,Croatia,business,ads,74.88,3,1,0,10,6,433.74
C-0415,Croatia,consumer,ads,262.86,3,1,1,3,5,361.14
C-0416,Austria,consumer,referral,59.8,1,1,0,12,5,292.78
C-0417,Austria,consumer,ads,94.34,1,0,0,9,4,292.48
C-0418,Slovenia,business,organic,304.84,2,0,0,12,13,911.66
C-0419,Italy,business,social,359.61,3,0,2,4,13,853.73
C-0420,Croatia,consumer,organic,180.12,2,0,0,8,4,317.88
C-0421,Italy,consumer,organic,109.44,3,0,0,6,8,607.37
C-0423,Italy,consumer,organic,133.62,2,0,1,8,7,523.65
C-0424,Austria,consumer,organic,79.39,1,1,1,5,9,621.9
C-0425,Germany,consumer,organic,238.44,3,0,0,8,6,443.37
C-0426,Croatia,consumer,referral,26.85,3,1,1,7,6,455.04
C-0428,Croatia,consumer,organic,244.53,3,0,1,10,8,577.62
C-0429,Germany,business,organic,397.62,3,0,2,5,14,1007.21
C-0430,Italy,business,ads,24.94,1,1,2,12,8,490.95
C-0431,Italy,consumer,referral,60.46,1,0,1,5,4,239.3
C-0433,Slovenia,consumer,social,104.14,2,1,1,5,3,328.75
C-0434,Italy,consumer,organic,379.38,3,0,1,6,12,934.31
C-0435,Germany,business,referral,182.1,3,0,1,8,6,522.98
C-0436,Croatia,consumer,ads,78.0,3,0,2,13,7,523.96
C-0437,Slovenia,consumer,ads,33.84,1,0,2,7,4,276.19
C-0438,Italy,consumer,organic,401.16,3,1,0,7,13,891.08
C-0439,Slovenia,consumer,organic,308.64,3,1,1,7,13,848.78
C-0440,Slovenia,consumer,ads,56.86,2,1,1,8,5,363.45
C-0441,Hungary,consumer,social,51.42,1,1,2,8,2,194.28
C-0442,Italy,consumer,organic,260.16,3,1,1,6,8,573.65
C-0443,Italy,business,ads,169.34,2,1,1,6,12,852.39
C-0444,Croatia,consumer,ads,144.81,3,1,0,7,3,249.82
C-0445,Slovenia,consumer,ads,81.27,3,0,1,8,5,287.42
C-0446,Slovenia,consumer,organic,70.47,1,0,1,11,3,165.45
C-0447,Austria,business,ads,151.14,2,1,3,7,12,735.8
C-0448,Croatia,consumer,ads,49.12,2,0,2,6,2,215.46
C-0451,Italy,consumer,ads,319.41,3,0,0,7,7,552.87
C-0452,Austria,consumer,social,71.9,2,0,2,7,2,214.42
C-0453,Germany,consumer,organic,48.8,2,0,1,7,5,361.63
C-0454,Austria,business,referral,287.54,2,1,2,6,14,969.7
C-0455,Hungary,consumer,organic,318.52,2,0,0,8,6,434.49
C-0456,Germany,consumer,ads,106.42,2,1,1,6,5,376.09
C-0457,Germany,consumer,referral,62.97,1,1,1,7,7,473.81
C-0458,Slovenia,consumer,organic,227.98,2,0,1,7,10,709.0
C-0459,Austria,consumer,organic,153.38,2,1,0,4,10,616.32
C-0460,Italy,business,ads,129.67,1,0,1,13,9,562.6
C-0461,Croatia,consumer,ads,76.2,3,1,3,9,6,467.81
C-0462,Austria,consumer,organic,156.16,2,0,0,9,7,476.47
C-0463,Hungary,business,social,196.5,2,0,0,7,2,202.1
C-0465,Slovenia,consumer,social,525.75,3,1,1,8,17,1228.31
C-0466,Austria,consumer,organic,482.1,3,1,2,7,16,1121.57
C-0467,Austria,consumer,organic,118.76,2,0,0,6,5,452.52
C-0468,Italy,consumer,ads,45.94,2,1,2,9,4,335.53
C-0469,Slovenia,consumer,ads,287.16,3,0,1,6,10,661.3
C-0471,Germany,business,referral,183.57,3,1,2,6,12,798.63
C-0472,Italy,business,ads,24.44,1,1,0,11,7,441.96
C-0473,Hungary,consumer,ads,24.53,1,0,2,8,1,104.61
C-0474,Italy,consumer,organic,34.74,1,0,1,9,4,301.2
C-0475,Hungary,business,organic,186.74,2,0,2,7,9,506.62
C-0476,Italy,consumer,organic,158.73,3,1,0,9,5,392.16
C-0477,Germany,consumer,organic,185.37,3,1,2,5,9,635.32
C-0478,Slovenia,consumer,ads,171.72,3,1,1,3,9,579.25
C-0479,Croatia,consumer,ads,125.79,1,0,0,4,3,232.74
C-0480,Germany,consumer,ads,78.57,1,0,2,5,5,287.93
C-0481,Hungary,business,ads,22.4,2,0,0,5,1,103.86
C-0482,Germany,business,ads,59.86,2,1,0,4,4,367.25
C-0483,Slovenia,consumer,organic,109.22,1,0,0,3,3,171.96
C-0484,Italy,consumer,organic,425.97,3,1,1,5,14,1048.34
C-0485,Slovenia,consumer,organic,215.04,3,1,0,8,5,374.02
C-0486,Slovenia,consumer,organic,50.78,1,0,1,11,6,367.65
C-0487,Austria,business,ads,24.93,1,0,0,4,6,367.74
C-0488,Austria,consumer,organic,171.09,3,0,1,4,7,570.41
C-0489,Germany,consumer,organic,64.0,1,1,0,6,8,562.17
C-0490,Germany,consumer,referral,68.85,3,0,2,10,6,441.42
C-0491,Austria,consumer,referral,137.4,2,0,0,11,10,675.56
C-0492,Germany,consumer,ads,113.56,2,0,1,10,9,660.43
C-0493,Slovenia,business,social,306.94,2,0,0,4,12,945.4
C-0494,Slovenia,consumer,ads,253.36,2,0,0,6,6,485.35
C-0495,Croatia,consumer,organic,102.98,1,0,1,8,1,105.59
C-0496,Germany,business,organic,300.18,3,1,1,8,14,956.68
C-0497,Slovenia,business,ads,258.28,4,1,0,4,12,786.55
C-0498,Croatia,consumer,ads,330.58,2,0,2,5,6,424.75
C-0499,Austria,business,ads,375.76,4,0,2,2,14,951.85
C-0500,Slovenia,business,organic,428.88,3,0,1,10,10,744.62
C-0501,Italy,business,social,137.42,1,0,0,9,12,769.1
C-0503,Austria,consumer,organic,130.8,2,1,2,4,7,534.96
C-0504,Slovenia,consumer,organic,78.69,3,1,0,8,4,270.66
C-0505,Germany,consumer,organic,484.77,3,1,1,6,15,1105.47
C-0506,Italy,consumer,ads,125.56,2,1,0,3,6,439.17
C-0507,Germany,consumer,organic,103.4,2,1,2,4,8,521.8
C-0508,Slovenia,consumer,organic,155.78,2,1,0,6,6,486.92
C-0509,Croatia,consumer,ads,160.14,3,0,2,7,8,532.35
C-0510,Italy,consumer,social,77.67,3,1,0,2,3,143.79
C-0511,Slovenia,consumer,social,62.31,1,0,0,14,4,299.55
C-0512,Germany,consumer,organic,137.49,1,0,1,4,9,694.32
C-0513,Slovenia,business,referral,94.48,4,1,1,11,8,571.2
C-0514,Slovenia,consumer,referral,77.91,1,0,3,10,5,404.83
C-0515,Italy,business,ads,314.92,2,0,1,10,12,764.47
C-0516,Austria,consumer,organic,123.42,2,1,0,11,12,796.08
C-0517,Germany,consumer,social,130.94,1,1,3,4,8,501.16
C-0518,Hungary,consumer,organic,505.2,3,1,1,7,14,853.98
C-0519,Slovenia,consumer,organic,431.91,3,0,1,5,15,1002.35
C-0520,Italy,consumer,organic,119.68,2,0,2,4,3,248.34
C-0521,Slovenia,business,referral,34.04,1,0,2,8,8,531.94
C-0522,Croatia,consumer,social,94.65,3,0,1,5,7,400.19
C-0523,Hungary,consumer,organic,310.98,2,1,0,4,13,926.9
C-0525,Croatia,business,organic,18.0,2,0,0,4,5,367.78
C-0526,Italy,business,referral,68.85,3,1,1,9,8,587.27
C-0527,Germany,consumer,ads,189.03,3,0,0,6,3,298.08
C-0528,Italy,consumer,referral,86.23,1,1,2,8,5,382.88
C-0529,Slovenia,consumer,organic,290.34,3,1,1,9,8,631.26
C-0530,Italy,business,ads,79.59,3,0,1,8,6,471.75
C-0531,Slovenia,consumer,organic,118.72,2,0,0,13,6,371.94
C-0532,Slovenia,consumer,ads,52.94,2,0,1,4,5,328.98
C-0534,Italy,consumer,organic,99.3,2,0,0,6,5,297.93
C-0535,Croatia,consumer,organic,215.28,3,0,0,2,8,536.89
C-0536,Italy,business,referral,102.56,4,1,0,10,9,629.65
C-0537,Italy,consumer,ads,46.04,1,1,1,11,4,274.82
C-0538,Hungary,business,organic,158.08,2,0,0,9,9,499.73
C-0539,Austria,consumer,social,235.74,3,0,1,6,8,605.31
C-0540,Croatia,consumer,organic,94.0,1,1,0,7,8,544.74
C-0541,Slovenia,business,ads,273.99,3,1,0,8,10,734.03
C-0542,Germany,consumer,organic,104.61,1,0,1,5,6,433.32
C-0544,Italy,consumer,organic,95.3,1,0,1,5,7,412.96
C-0545,Germany,consumer,referral,161.38,2,1,1,13,10,662.73
C-0546,Croatia,consumer,ads,139.15,1,0,2,11,2,196.61
C-0547,Austria,consumer,organic,120.08,2,0,0,6,6,491.01
C-0548,Croatia,consumer,organic,192.5,2,1,0,6,6,333.7
C-0549,Austria,business,organic,153.48,1,0,1,7,7,467.0
C-0550,Slovenia,business,ads,627.88,4,1,0,8,17,1228.52
C-0551,Slovenia,consumer,referral,50.33,1,0,0,6,3,274.3
C-0552,Italy,consumer,organic,148.52,1,0,0,7,5,335.18
C-0553,Slovenia,business,ads,73.2,3,0,1,10,5,297.69
C-0554,Germany,consumer,social,208.08,2,1,1,4,9,636.43
C-0555,Slovenia,consumer,organic,76.03,1,0,1,5,4,293.28
C-0556,Croatia,business,referral,156.66,2,1,0,7,11,758.36
C-0557,Germany,consumer,ads,61.76,1,1,0,13,4,364.63
C-0559,Italy,business,ads,60.54,1,0,0,7,6,446.92
C-0560,Italy,business,organic,51.3,2,0,0,4,8,533.12
C-0561,Hungary,consumer,organic,132.39,3,1,2,3,3,214.65
C-0562,Austria,consumer,ads,254.08,2,1,1,9,8,614.83
C-0563,Germany,consumer,ads,133.77,3,0,0,8,9,605.13
C-0564,Germany,consumer,ads,203.48,2,1,1,9,9,649.01
C-0565,Germany,consumer,organic,48.9,2,1,0,9,4,400.42
C-0566,Slovenia,consumer,ads,48.92,2,1,1,5,4,273.45
C-0568,Slovenia,consumer,referral,156.76,1,0,0,8,9,635.69
C-0569,Austria,consumer,organic,101.0,1,1,2,5,7,433.59
C-0570,Hungary,business,referral,122.96,2,0,0,7,9,550.43
C-0571,Croatia,business,referral,51.16,2,0,2,7,6,447.76
C-0572,Italy,consumer,ads,26.25,1,0,1,6,1,29.01
C-0573,Slovenia,business,social,189.03,3,1,1,4,11,696.27
C-0574,Hungary,consumer,organic,90.04,1,0,1,4,2,172.42
C-0575,Slovenia,business,referral,158.5,2,0,0,4,8,451.82
C-0576,Slovenia,consumer,referral,438.09,3,1,0,8,11,759.64
C-0577,Slovenia,consumer,organic,251.46,3,0,0,9,6,420.99
C-0578,Slovenia,consumer,referral,242.36,2,0,1,5,6,309.11
C-0579,Italy,business,ads,203.88,2,0,0,6,8,547.07
C-0580,Croatia,consumer,referral,90.11,1,0,1,8,6,306.85
C-0581,Italy,business,ads,179.01,3,0,1,12,12,822.07
C-0582,Slovenia,consumer,organic,133.3,1,1,1,8,7,467.87
C-0583,Slovenia,business,organic,281.88,3,1,0,4,10,853.7
C-0584,Italy,consumer,organic,50.1,2,1,1,8,8,512.08
C-0585,Slovenia,consumer,ads,272.12,2,1,0,8,5,305.99
C-0586,Austria,consumer,organic,86.61,3,0,0,5,6,417.53
C-0587,Slovenia,consumer,ads,375.78,3,0,1,7,12,813.61
C-0588,Italy,consumer,referral,261.4,2,0,0,9,11,787.2
C-0589,Italy,consumer,organic,81.6,1,1,1,7,2,169.02
C-0590,Italy,business,organic,256.24,4,0,1,7,10,716.23
C-0591,Slovenia,business,organic,72.72,2,1,0,5,5,379.98
C-0592,Slovenia,consumer,organic,118.02,2,0,1,4,3,193.85
C-0593,Germany,consumer,organic,76.35,1,1,1,6,10,725.24
C-0594,Slovenia,consumer,organic,283.71,3,1,3,6,8,612.18
C-0595,Croatia,consumer,referral,186.76,2,0,0,5,8,604.72
C-0596,Italy,consumer,ads,133.49,1,1,1,10,8,571.8
C-0597,Italy,consumer,organic,103.74,3,1,1,6,3,239.96
C-0598,Italy,consumer,referral,297.5,2,0,1,5,9,640.36
C-0600,Germany,consumer,ads,74.55,3,1,2,5,5,411.81
C-0601,Slovenia,business,ads,318.4,4,1,1,3,12,900.87
C-0603,Slovenia,business,organic,119.42,2,0,1,5,9,567.41
C-0604,Italy,consumer,referral,468.06,3,1,1,7,18,1261.04
C-0605,Austria,business,social,157.98,2,0,1,8,11,743.57
C-0606,Slovenia,consumer,referral,324.39,3,0,2,10,12,851.14
C-0607,Italy,consumer,social,116.44,2,0,1,7,7,485.34
C-0608,Hungary,business,organic,282.0,3,0,0,7,12,938.3
C-0609,Slovenia,consumer,organic,81.51,3,0,0,6,3,236.54
C-0610,Italy,business,organic,173.4,4,0,0,6,6,449.0
C-0611,Austria,business,ads,154.63,1,1,0,3,8,568.58
C-0613,Slovenia,business,ads,17.52,2,1,1,4,3,207.33
C-0614,Slovenia,business,organic,86.6,1,1,1,5,5,395.69
C-0615,Germany,consumer,organic,167.96,2,1,0,6,7,595.21
C-0616,Slovenia,consumer,social,112.68,2,1,0,8,5,318.11
C-0617,Slovenia,consumer,organic,51.42,1,0,0,6,6,347.28
C-0618,Slovenia,consumer,social,109.77,3,0,2,6,6,357.58
C-0619,Slovenia,consumer,referral,124.68,2,1,1,13,7,567.08
C-0620,Croatia,consumer,ads,114.41,1,1,0,6,4,218.94
C-0621,Slovenia,business,organic,298.92,3,0,0,2,10,676.57
C-0622,Croatia,business,organic,47.28,4,1,0,12,4,264.9
C-0623,Croatia,consumer,organic,84.24,1,1,2,5,5,410.79
C-0624,Germany,consumer,organic,401.34,3,1,0,1,16,1151.41
C-0625,Slovenia,consumer,referral,94.24,1,0,0,11,7,432.13
C-0627,Croatia,consumer,social,71.18,2,0,0,6,5,276.35
C-0628,Slovenia,consumer,ads,28.08,3,1,0,7,3,196.48
C-0629,Germany,business,referral,103.04,4,0,1,11,9,641.79
C-0630,Germany,business,ads,299.18,2,0,0,6,13,1047.02
C-0631,Slovenia,consumer,organic,295.78,2,0,1,5,10,659.59
C-0632,Germany,business,ads,316.76,2,0,2,4,14,977.73
C-0633,Italy,consumer,organic,273.56,2,0,2,3,11,782.3
C-0635,Hungary,consumer,ads,64.58,2,0,2,6,5,369.88
C-0636,Italy,consumer,ads,90.34,2,1,0,5,5,373.59
C-0637,Germany,business,organic,405.6,3,0,0,8,17,1109.19
C-0638,Italy,consumer,organic,60.36,1,0,1,4,4,239.29
C-0639,Germany,business,organic,158.29,1,0,2,10,13,780.63
C-0640,Croatia,consumer,organic,53.74,1,0,1,6,3,203.32
C-0641,Slovenia,consumer,organic,190.92,3,1,2,7,8,587.24
C-0642,Italy,business,organic,148.01,1,0,3,8,10,753.6
C-0643,Italy,consumer,social,35.1,3,1,0,8,1,77.4
C-0644,Slovenia,business,referral,225.04,4,0,1,5,8,492.88
C-0646,Italy,consumer,referral,168.48,3,1,0,5,9,538.99
C-0648,Slovenia,consumer,referral,185.44,2,1,1,8,11,657.31
C-0649,Austria,consumer,ads,228.42,3,1,1,6,9,665.33
C-0650,Austria,consumer,ads,158.15,1,0,0,3,5,293.68
C-0651,Austria,consumer,social,226.08,2,0,2,5,10,664.19
C-0652,Italy,consumer,ads,389.16,3,0,0,13,17,1113.19
C-0653,Germany,consumer,ads,52.14,2,1,0,10,3,304.84
C-0654,Croatia,consumer,organic,494.22,3,1,0,4,13,896.12
C-0655,Slovenia,consumer,referral,98.49,1,0,1,5,4,365.79
C-0656,Slovenia,consumer,organic,232.26,2,1,0,6,8,584.9
C-0657,Austria,consumer,ads,48.58,2,1,0,6,6,492.11
C-0658,Slovenia,consumer,referral,144.93,3,1,2,4,7,508.34
C-0660,Hungary,consumer,organic,103.82,2,0,0,8,3,296.66
C-0661,Slovenia,business,ads,233.1,3,1,0,7,9,677.25
C-0662,Slovenia,consumer,ads,353.1,3,0,2,5,7,529.01
C-0663,Hungary,consumer,referral,158.64,2,0,0,10,9,640.01
C-0664,Croatia,consumer,organic,35.28,3,0,0,7,4,312.9
C-0665,Slovenia,consumer,ads,50.84,2,0,0,8,2,252.03
C-0666,Germany,business,social,185.14,2,0,0,8,12,716.82
C-0667,Germany,consumer,ads,161.74,2,0,0,7,7,503.33
C-0668,Croatia,business,referral,155.46,2,1,1,7,5,441.04
C-0669,Croatia,business,organic,49.16,2,0,1,6,4,230.0
C-0670,Slovenia,business,organic,219.72,3,0,0,4,9,652.02
C-0672,Croatia,consumer,referral,150.0,1,0,0,3,5,384.35
C-0673,Slovenia,consumer,organic,157.18,2,0,0,12,7,487.97
C-0674,Austria,business,social,35.32,4,1,1,4,9,654.71
C-0676,Slovenia,consumer,social,436.2,3,0,2,9,12,833.13
C-0677,Croatia,business,referral,192.66,2,0,0,9,10,598.91
C-0678,Slovenia,business,ads,161.37,3,1,0,12,10,687.82
C-0679,Germany,consumer,social,96.86,2,1,0,3,4,227.37
C-0681,Croatia,consumer,social,36.72,1,0,0,8,3,225.2
C-0682,Croatia,business,organic,125.16,2,0,2,5,6,429.65
C-0683,Italy,consumer,organic,486.96,3,0,0,9,14,1043.27
C-0684,Austria,business,organic,160.41,1,1,2,8,9,696.12
C-0685,Austria,business,referral,488.73,3,1,0,4,17,1220.28
C-0686,Croatia,consumer,organic,183.96,3,1,0,12,9,640.65
C-0687,Austria,consumer,ads,25.16,1,0,1,3,5,324.05
C-0688,Hungary,consumer,referral,22.12,2,0,1,5,7,459.53
C-0689,Italy,business,organic,63.85,1,0,1,8,7,575.95
C-0691,Slovenia,consumer,social,517.77,3,0,0,2,14,905.81
C-0693,Croatia,consumer,ads,97.04,1,1,0,6,4,270.19
C-0694,Italy,consumer,ads,79.94,1,1,0,7,7,414.26
C-0696,Germany,consumer,organic,148.4,2,1,2,8,11,752.12
C-0697,Italy,consumer,ads,314.6,2,1,0,4,11,826.4
C-0698,Austria,business,social,187.56,3,1,3,4,8,597.06
C-0699,Slovenia,consumer,ads,62.04,2,0,0,7,6,328.84
C-0700,Hungary,consumer,organic,415.41,3,1,1,9,12,913.41
C-0701,Slovenia,consumer,organic,293.34,2,0,0,8,10,802.48
C-0702,Slovenia,consumer,ads,123.26,2,0,2,4,5,380.89
C-0703,Germany,consumer,referral,26.08,1,0,2,8,5,391.73
C-0704,Germany,consumer,referral,236.1,3,1,0,6,9,574.1
C-0705,Slovenia,consumer,organic,61.37,1,0,1,6,6,381.2
C-0706,Italy,consumer,ads,103.44,2,1,0,11,4,270.68
C-0707,Austria,consumer,referral,280.14,2,1,1,7,11,782.42
C-0708,Germany,consumer,ads,63.35,1,0,0,9,5,308.51
C-0709,Italy,consumer,ads,144.6,3,0,1,5,6,335.14
C-0710,Croatia,business,referral,181.29,3,1,1,7,10,775.89
C-0711,Austria,consumer,referral,140.81,1,1,0,9,9,565.89
C-0712,Austria,consumer,ads,97.46,1,1,0,15,3,201.76
C-0713,Germany,consumer,ads,63.81,1,1,1,10,6,407.37
C-0714,Croatia,consumer,ads,243.06,3,0,0,4,7,471.36
C-0715,Slovenia,consumer,social,202.42,2,0,0,3,9,598.05
C-0716,Germany,business,organic,96.93,3,1,1,9,6,500.79
C-0718,Germany,business,ads,44.34,1,1,0,9,10,791.56
C-0720,Slovenia,consumer,organic,383.46,3,0,1,7,14,913.63
C-0721,Austria,consumer,organic,190.7,2,1,2,7,7,563.37
C-0723,Hungary,consumer,referral,85.36,1,0,0,5,3,254.22
C-0724,Italy,consumer,ads,92.57,1,0,0,7,3,266.33
C-0725,Austria,consumer,referral,237.66,2,1,2,8,11,752.18
C-0726,Germany,consumer,organic,52.3,1,0,1,6,3,254.2
C-0727,Italy,business,ads,11.98,1,0,0,2,4,317.5
C-0729,Croatia,consumer,referral,11.48,1,0,0,8,2,99.54
C-0730,Croatia,business,referral,121.08,2,0,0,11,10,686.82
C-0731,Italy,consumer,ads,18.6,2,1,0,8,4,302.94
C-0732,Croatia,business,ads,160.18,2,0,0,7,8,515.79
C-0734,Italy,business,organic,51.5,2,0,0,7,6,430.18
C-0735,Slovenia,business,social,361.32,3,1,4,7,12,849.5
C-0736,Italy,consumer,referral,55.24,2,0,0,5,5,357.55
C-0737,Italy,consumer,organic,254.2,2,0,0,7,7,467.84
C-0738,Slovenia,business,organic,203.4,2,0,0,7,12,791.18
C-0741,Italy,consumer,referral,460.77,3,1,1,4,14,1024.89
C-0742,Hungary,business,social,189.45,3,1,2,7,9,570.04
C-0743,Slovenia,consumer,ads,147.18,2,1,2,4,7,499.95
C-0744,Slovenia,business,ads,292.95,3,0,0,11,12,886.3
C-0745,Austria,consumer,social,412.05,3,0,0,7,10,736.58
C-0746,Germany,consumer,referral,181.52,2,0,1,5,10,743.85
C-0747,Slovenia,consumer,referral,158.83,1,0,0,10,2,192.06
C-0748,Slovenia,business,organic,593.92,4,1,1,5,20,1466.46
C-0749,Slovenia,business,organic,199.0,2,0,1,12,11,696.01
C-0750,Croatia,consumer,organic,70.51,1,1,1,6,6,450.63
C-0752,Slovenia,consumer,referral,27.08,1,1,2,6,5,482.38
C-0753,Slovenia,consumer,ads,86.8,1,1,0,4,4,276.45
C-0754,Italy,business,organic,167.32,2,1,3,10,11,670.15
C-0755,Hungary,consumer,social,49.7,1,1,0,6,3,272.85
C-0756,Austria,consumer,referral,183.03,3,0,0,5,5,411.14
C-0757,Italy,consumer,organic,35.19,3,1,1,9,4,295.84
C-0758,Slovenia,consumer,referral,155.5,1,1,0,5,7,446.73
C-0759,Slovenia,consumer,ads,66.11,1,0,2,6,1,121.51
C-0760,Slovenia,consumer,ads,177.03,3,1,1,9,6,460.6
C-0761,Austria,consumer,referral,337.23,3,1,0,4,14,929.7
C-0763,Germany,business,ads,207.42,2,0,2,8,12,843.98
C-0764,Hungary,consumer,referral,53.92,2,0,0,5,4,234.12
C-0765,Hungary,consumer,organic,23.0,2,1,0,8,3,256.6
C-0767,Slovenia,business,ads,420.68,4,1,0,6,14,1004.06
C-0768,Slovenia,consumer,organic,35.73,1,0,0,7,1,30.0
C-0769,Italy,consumer,social,126.42,2,0,0,6,4,244.18
C-0770,Croatia,consumer,organic,401.85,3,0,1,6,14,931.83
C-0772,Germany,business,referral,52.12,2,1,2,7,11,746.05
C-0773,Croatia,consumer,organic,88.65,3,1,2,5,4,239.55
C-0774,Croatia,business,organic,178.77,3,0,3,4,11,736.92
C-0775,Slovenia,consumer,organic,72.76,2,0,0,7,2,159.33
C-0776,Slovenia,consumer,ads,204.38,2,0,1,7,7,435.37
C-0777,Slovenia,consumer,ads,30.36,1,1,1,10,3,278.73
C-0778,Germany,consumer,organic,414.21,3,0,0,6,14,897.59
C-0779,Croatia,consumer,ads,48.86,2,0,0,7,3,149.65
C-0780,Austria,consumer,ads,282.76,2,0,0,9,10,714.26
C-0781,Slovenia,consumer,social,56.89,1,1,0,7,5,386.08
C-0782,Italy,consumer,organic,475.59,3,1,2,11,13,878.22
C-0783,Italy,consumer,organic,155.24,2,0,2,3,6,446.16
C-0784,Austria,consumer,organic,123.84,2,0,0,9,9,584.76
C-0785,Germany,consumer,ads,51.37,1,0,2,8,4,297.6
C-0786,Slovenia,consumer,ads,118.48,2,1,1,7,4,339.21
C-0787,Hungary,consumer,organic,127.88,2,0,1,9,4,274.26
C-0788,Slovenia,business,social,154.22,2,0,0,8,12,818.8
C-0789,Germany,consumer,ads,31.12,1,0,0,9,8,512.44
C-0790,Slovenia,business,referral,270.88,2,0,1,11,12,815.55
C-0791,Slovenia,consumer,organic,174.2,2,0,2,4,8,592.26
C-0792,Germany,consumer,social,159.38,2,1,2,7,7,472.25
C-0793,Slovenia,consumer,organic,146.67,3,1,0,5,6,435.22
C-0794,Italy,consumer,referral,202.32,3,0,1,12,5,484.22
C-0795,Italy,consumer,ads,197.16,2,0,1,5,3,265.07
C-0796,Slovenia,consumer,referral,133.63,1,0,0,8,6,373.29
C-0797,Austria,business,social,291.32,2,0,2,5,11,762.98
C-0798,Germany,consumer,referral,183.72,3,1,0,6,10,691.27
C-0799,Germany,business,social,181.98,3,1,1,11,13,852.04
C-0800,Italy,consumer,organic,201.6,3,0,2,14,8,588.22
C-0801,Croatia,consumer,social,53.06,2,1,0,5,1,126.0
C-0802,Slovenia,business,referral,166.92,3,0,1,8,8,576.83
C-0803,Slovenia,consumer,ads,241.41,3,0,0,7,10,758.14
C-0804,Slovenia,consumer,social,194.66,2,0,1,5,7,525.1
C-0805,Hungary,consumer,organic,190.47,3,1,0,8,11,694.61
C-0806,Germany,business,organic,178.92,3,1,1,12,14,1036.39
C-0807,Germany,consumer,organic,62.05,1,1,0,5,4,322.1
C-0808,Croatia,consumer,ads,151.5,3,1,0,6,8,538.92
C-0809,Italy,consumer,referral,45.83,1,1,1,6,3,244.55
C-0810,Croatia,consumer,organic,172.14,2,0,1,7,7,582.59
C-0811,Croatia,consumer,social,25.95,1,0,0,7,5,283.0
C-0812,Italy,business,social,306.42,2,0,0,5,7,546.01
C-0813,Slovenia,business,ads,229.95,3,0,0,3,10,715.27
C-0814,Slovenia,consumer,social,289.02,3,1,1,6,8,544.36
C-0815,Hungary,consumer,social,333.28,2,0,1,8,10,617.7
C-0816,Italy,consumer,organic,182.31,3,1,3,6,6,463.23
C-0817,Hungary,consumer,organic,59.63,1,0,0,3,4,330.9
C-0818,Slovenia,consumer,organic,48.08,2,1,1,5,3,211.49
C-0819,Croatia,consumer,referral,46.42,2,0,1,6,3,113.39
C-0820,Slovenia,consumer,ads,86.54,2,0,1,7,3,210.52
C-0821,Slovenia,consumer,organic,108.01,1,1,1,2,5,339.0
C-0822,Slovenia,business,organic,181.8,2,0,1,7,10,695.16
C-0824,Germany,consumer,ads,18.04,2,1,1,11,6,517.35
C-0825,Italy,consumer,organic,102.72,2,0,0,8,6,455.55
C-0826,Croatia,consumer,referral,183.81,3,1,1,8,8,629.07
C-0827,Italy,consumer,organic,132.33,3,1,1,6,8,558.04
C-0828,Italy,business,organic,106.11,3,0,2,10,9,676.94
C-0829,Croatia,business,ads,109.18,2,0,0,5,7,603.86
C-0830,Slovenia,business,organic,58.78,1,1,0,7,12,805.18
C-0831,Hungary,consumer,ads,401.46,3,1,0,5,13,907.44
C-0832,Germany,consumer,referral,91.82,2,1,0,9,8,553.73
C-0833,Austria,consumer,organic,259.48,2,1,1,7,8,650.02
C-0834,Italy,consumer,ads,89.19,3,0,0,10,7,406.45
C-0835,Slovenia,business,referral,64.24,2,0,1,3,10,594.02
C-0836,Hungary,consumer,ads,80.34,3,0,0,9,2,132.26
C-0837,Italy,consumer,social,396.54,3,1,1,6,14,1005.79
C-0838,Slovenia,consumer,ads,58.63,1,0,1,7,3,213.47
C-0839,Italy,consumer,organic,94.01,1,0,2,12,6,384.43
C-0840,Germany,consumer,referral,124.68,2,1,1,9,9,635.71
C-0841,Croatia,business,ads,50.94,2,0,2,10,5,360.67
C-0842,Austria,consumer,referral,88.26,2,1,1,2,7,476.57
C-0844,Slovenia,consumer,ads,127.68,2,0,1,9,3,251.27
C-0845,Hungary,consumer,referral,152.13,3,1,0,5,8,567.9
C-0846,Italy,consumer,organic,174.6,3,0,2,8,7,530.86
C-0847,Croatia,consumer,organic,504.06,3,1,1,8,15,1038.04
C-0849,Hungary,consumer,ads,151.8,2,0,4,12,5,460.22
C-0850,Slovenia,business,referral,185.76,3,0,0,5,9,659.7
C-0852,Italy,consumer,organic,18.32,2,0,1,10,5,329.51
C-0853,Slovenia,consumer,organic,323.62,2,0,1,8,10,693.88
C-0854,Slovenia,business,organic,268.34,2,0,1,8,12,754.99
C-0855,Croatia,business,referral,264.88,2,0,0,7,9,570.81
C-0856,Italy,consumer,social,89.77,1,0,1,5,7,474.24
C-0857,Hungary,consumer,referral,81.63,3,1,0,4,4,191.23
C-0858,Italy,consumer,referral,359.28,3,1,0,10,16,1096.78
C-0859,Austria,consumer,organic,106.65,3,1,0,8,6,442.35
C-0860,Italy,consumer,ads,423.24,3,0,0,13,15,1081.37
C-0861,Austria,consumer,social,229.02,2,0,0,5,10,686.71
C-0863,Italy,consumer,referral,198.72,3,0,0,12,11,731.23
C-0865,Italy,consumer,referral,73.58,2,0,0,10,5,398.53
C-0866,Slovenia,consumer,social,95.72,1,0,0,6,1,147.82
C-0867,Austria,consumer,social,240.0,3,1,1,4,8,587.25
C-0868,Germany,consumer,ads,71.04,2,0,0,3,5,296.35
C-0869,Slovenia,business,referral,652.84,4,1,0,8,19,1468.77
C-0870,Italy,business,ads,153.34,2,0,0,7,7,449.88
C-0871,Germany,consumer,ads,9.22,1,0,0,8,4,245.97
C-0872,Austria,consumer,organic,11.81,1,0,1,8,1,20.0
C-0873,Hungary,consumer,referral,317.22,3,1,3,4,10,676.01
C-0874,Croatia,consumer,referral,186.72,2,0,0,6,8,513.48
C-0876,Italy,business,organic,254.84,2,1,1,9,11,751.0
C-0877,Hungary,consumer,organic,65.35,1,0,1,11,4,264.79
C-0878,Italy,consumer,ads,95.67,3,1,2,5,6,398.39
C-0879,Austria,business,organic,82.07,1,1,1,6,10,701.91
C-0880,Italy,consumer,social,158.51,1,0,0,5,7,545.44
C-0881,Croatia,business,referral,55.22,2,1,0,10,8,566.53
C-0882,Austria,consumer,organic,145.83,3,0,0,10,6,504.65
C-0883,Croatia,consumer,referral,184.86,3,0,2,7,8,548.17
C-0884,Germany,consumer,ads,131.99,1,0,0,5,9,676.18
C-0886,Croatia,consumer,ads,292.11,3,1,1,9,10,751.06
C-0887,Italy,consumer,ads,203.07,3,0,1,9,9,573.49
C-0888,Italy,business,organic,182.37,3,1,0,7,11,848.9
C-0889,Italy,consumer,social,321.88,2,0,0,11,11,735.01
C-0890,Slovenia,consumer,organic,141.17,1,0,0,7,4,312.2
C-0891,Slovenia,business,ads,45.64,4,0,0,7,6,463.42
C-0892,Austria,consumer,referral,187.74,3,0,0,11,9,635.68
C-0893,Austria,consumer,organic,170.76,2,0,0,6,8,484.89
C-0894,Austria,business,organic,237.87,3,0,1,8,13,865.56
C-0895,Slovenia,consumer,referral,228.21,3,0,1,5,6,343.57
C-0896,Italy,consumer,referral,135.34,1,1,1,6,7,432.96
C-0897,Slovenia,business,organic,76.46,1,0,1,6,6,356.5
C-0898,Germany,consumer,social,358.98,3,0,0,8,9,724.51
C-0899,Germany,business,social,60.25,1,0,1,2,6,430.15
C-0900,Slovenia,business,organic,143.04,2,1,2,6,6,504.11
C-0902,Slovenia,consumer,referral,265.48,2,0,0,10,15,884.39
C-0903,Slovenia,consumer,social,96.98,2,1,2,9,5,427.63
C-0904,Slovenia,consumer,organic,86.65,1,0,2,4,2,205.34
C-0906,Austria,consumer,referral,22.79,1,1,1,6,1,132.91
C-0907,Germany,consumer,organic,161.84,2,1,0,9,7,527.01
C-0908,Slovenia,consumer,social,27.0,3,1,2,9,3,217.99
C-0909,Croatia,consumer,social,11.56,1,0,1,9,2,95.13
C-0910,Austria,business,social,112.62,2,0,0,3,11,830.0
C-0911,Hungary,business,organic,110.31,3,0,0,7,5,287.72
C-0912,Croatia,business,referral,123.72,4,1,0,8,9,626.33
C-0913,Slovenia,consumer,organic,103.89,1,0,1,9,5,360.98
C-0914,Croatia,consumer,ads,123.24,2,1,2,7,5,369.04
C-0915,Italy,consumer,ads,18.68,2,1,0,8,2,39.46
C-0916,Hungary,business,ads,61.54,1,1,1,8,6,445.12
C-0919,Slovenia,consumer,organic,298.26,3,0,1,8,9,701.77
C-0921,Germany,consumer,referral,484.2,3,0,1,8,17,1180.43
C-0922,Croatia,business,social,228.21,3,0,5,6,10,714.54
C-0923,Italy,consumer,organic,442.02,3,0,0,6,15,1068.51
C-0924,Hungary,consumer,organic,277.08,3,1,1,7,6,390.55
C-0925,Germany,consumer,organic,54.94,2,0,0,11,4,372.53
C-0926,Italy,consumer,ads,32.08,1,1,0,7,9,607.39
C-0927,Croatia,business,organic,311.06,2,0,1,8,15,977.21
C-0928,Italy,consumer,referral,61.83,1,0,1,9,2,183.25
C-0929,Croatia,consumer,ads,254.85,3,0,1,7,7,576.78
C-0930,Italy,consumer,referral,31.68,1,1,1,7,4,212.76
C-0931,Slovenia,consumer,referral,484.35,3,0,2,6,14,935.02
C-0932,Germany,consumer,social,431.85,3,1,0,7,18,1223.92
C-0933,Hungary,consumer,organic,100.31,1,0,1,6,6,429.31
C-0934,Germany,consumer,ads,397.17,3,1,2,8,11,757.48
C-0936,Austria,business,ads,76.26,3,0,1,4,6,387.36
C-0937,Austria,consumer,organic,211.56,2,0,1,10,8,613.6
C-0938,Austria,consumer,organic,290.92,2,1,1,8,11,734.43
C-0939,Italy,consumer,organic,236.73,3,0,1,5,9,617.92
C-0940,Italy,consumer,ads,133.66,2,0,3,9,5,333.06
C-0941,Slovenia,consumer,social,191.12,2,1,0,10,7,485.01
C-0942,Croatia,consumer,social,191.22,3,1,1,8,7,399.7
C-0943,Slovenia,consumer,social,108.96,2,1,1,3,4,290.38
C-0944,Slovenia,business,ads,175.36,2,0,1,6,11,692.56
C-0945,Croatia,consumer,ads,157.32,2,0,0,6,7,437.8
C-0946,Italy,consumer,ads,65.68,1,0,0,8,3,224.43
C-0947,Slovenia,consumer,ads,281.52,3,0,1,7,10,764.97
C-0948,Germany,business,ads,281.86,2,0,3,8,14,1010.94
C-0949,Germany,business,social,273.27,3,0,1,8,13,844.09
C-0950,Slovenia,business,social,145.97,1,1,1,5,8,541.29
C-0951,Slovenia,consumer,ads,229.04,2,1,0,9,12,822.78
C-0952,Italy,consumer,organic,87.18,1,0,0,10,8,585.35
C-0953,Germany,consumer,organic,227.19,3,0,1,6,6,443.13
C-0954,Germany,business,ads,186.54,3,1,0,9,12,928.75
C-0955,Slovenia,consumer,referral,11.11,1,1,1,5,7,483.25
C-0956,Germany,business,social,245.94,3,1,0,2,13,873.58
C-0958,Italy,business,organic,106.16,2,0,3,10,8,516.49
C-0959,Hungary,business,ads,101.96,4,0,1,8,6,426.93
C-0960,Slovenia,business,organic,224.79,3,0,1,8,14,935.49
C-0961,Slovenia,business,referral,198.46,2,1,0,3,12,813.96
C-0962,Italy,business,organic,26.25,3,1,0,6,7,524.41
C-0963,Croatia,consumer,social,34.98,3,0,2,8,6,494.57
C-0964,Hungary,business,ads,29.67,1,0,0,5,3,201.51
C-0965,Hungary,consumer,organic,100.83,1,0,1,7,4,307.98
C-0966,Slovenia,consumer,social,63.03,1,0,1,8,4,286.6
C-0967,Slovenia,consumer,organic,30.07,1,1,1,8,4,268.66
C-0968,Germany,consumer,organic,100.7,2,1,0,7,4,254.07
C-0969,Slovenia,consumer,organic,187.86,3,1,0,7,10,664.06
C-0970,Germany,business,referral,371.8,4,1,0,4,14,986.98
C-0971,Austria,business,organic,239.8,4,0,0,7,8,695.54
C-0972,Slovenia,consumer,organic,387.84,3,0,1,4,11,741.66
C-0974,Slovenia,consumer,referral,49.46,1,1,1,8,4,327.36
C-0975,Italy,consumer,social,82.83,1,0,0,5,4,277.34
C-0976,Croatia,consumer,referral,239.76,3,0,1,5,10,694.08
C-0977,Croatia,business,ads,272.02,2,0,0,7,14,899.34
C-0978,Austria,consumer,organic,163.82,2,1,2,7,9,522.69
C-0979,Austria,consumer,social,493.59,3,0,0,10,13,949.98
C-0980,Hungary,consumer,social,76.44,1,1,0,4,3,242.25
C-0981,Hungary,consumer,organic,66.02,2,0,1,14,2,214.92
C-0982,Croatia,consumer,social,256.74,2,0,0,8,8,554.24
C-0983,Slovenia,consumer,ads,22.88,2,1,2,6,1,127.34
C-0984,Austria,consumer,organic,157.7,2,1,0,7,11,811.22
C-0985,Hungary,consumer,ads,27.17,1,1,1,4,3,215.46
C-0986,Italy,business,social,158.1,1,1,0,4,8,541.73
C-0987,Italy,consumer,organic,258.24,3,1,0,9,11,782.42
C-0988,Italy,consumer,ads,56.39,1,1,2,5,2,161.22
C-0989,Slovenia,business,ads,222.64,2,1,3,13,10,699.28
C-0990,Austria,consumer,organic,118.96,2,0,0,4,7,464.31
C-0991,Italy,business,social,188.4,3,1,1,9,10,719.36
C-0992,Germany,consumer,organic,207.0,3,0,0,6,11,731.29
C-0993,Germany,consumer,ads,164.02,2,0,1,5,1,161.23
C-0994,Germany,consumer,ads,109.89,3,1,0,7,8,581.09
C-0995,Italy,consumer,ads,447.93,3,0,0,7,12,846.77
C-0996,Italy,consumer,organic,127.26,2,1,1,7,4,320.33
C-0997,Austria,consumer,ads,42.81,1,0,0,6,1,72.1
C-0998,Germany,consumer,organic,95.73,3,0,0,8,6,370.71
C-0999,Italy,consumer,ads,304.2,3,0,0,9,13,901.47
C-1000,Germany,business,organic,271.78,2,0,2,6,14,984.99
C-1001,Slovenia,consumer,social,28.47,3,1,1,14,7,510.85
C-1002,Germany,consumer,social,315.04,2,1,0,5,10,754.84
C-1003,Slovenia,consumer,organic,496.68,3,1,0,6,14,1037.04
C-1004,Slovenia,consumer,social,179.79,3,1,0,6,4,279.25
C-1005,Croatia,consumer,organic,76.78,1,0,0,8,2,112.42
C-1006,Slovenia,consumer,ads,212.56,2,1,0,6,7,530.78
C-1007,Slovenia,consumer,referral,11.55,1,1,2,8,2,123.46
C-1009,Italy,consumer,referral,81.78,3,0,2,9,4,289.7
C-1010,Germany,consumer,ads,115.84,1,0,0,5,4,430.75
C-1012,Austria,business,ads,58.12,1,0,1,6,9,631.03
C-1013,Germany,consumer,referral,79.86,3,0,0,12,7,482.01
C-1014,Slovenia,consumer,ads,60.35,1,0,1,8,2,108.52
C-1015,Slovenia,consumer,social,102.75,3,0,0,6,2,80.67
C-1016,Germany,consumer,organic,327.58,2,0,2,3,11,781.12
C-1017,Germany,consumer,organic,251.16,2,0,0,6,8,592.22
C-1018,Croatia,business,social,120.28,2,1,2,7,8,549.97
C-1019,Germany,consumer,organic,420.48,3,1,0,5,14,952.25
C-1020,Slovenia,consumer,ads,156.72,2,0,1,4,5,387.95
C-1021,Italy,consumer,ads,420.42,3,0,1,8,15,1029.87
C-1022,Austria,business,organic,405.51,3,0,0,5,18,1170.52
C-1023,Slovenia,consumer,ads,415.8,3,1,1,6,13,920.39
C-1024,Austria,consumer,ads,276.5,2,0,1,6,7,549.5
C-1026,Austria,business,ads,86.7,3,0,0,8,6,466.81
C-1027,Italy,business,social,236.67,3,0,1,9,12,830.08
C-1028,Italy,consumer,social,185.22,3,0,1,10,10,664.03
C-1029,Slovenia,consumer,referral,89.1,3,0,2,7,3,206.34
C-1030,Slovenia,consumer,organic,148.8,1,1,0,6,10,658.02
C-1031,Austria,consumer,organic,276.81,3,1,1,9,9,656.43
C-1032,Slovenia,consumer,organic,71.16,3,0,0,9,4,408.45
C-1033,Slovenia,consumer,ads,194.32,2,0,1,6,11,825.04
C-1034,Slovenia,consumer,referral,244.29,3,1,0,9,8,478.15
C-1035,Slovenia,consumer,ads,279.4,2,0,1,8,10,692.19
C-1037,Italy,consumer,ads,86.77,1,0,1,8,5,306.59
C-1038,Hungary,business,ads,189.39,3,1,2,7,11,701.93
C-1039,Slovenia,consumer,ads,72.68,2,1,2,6,3,247.92
C-1040,Austria,business,organic,252.72,2,0,0,8,7,511.42
C-1041,Italy,consumer,referral,97.17,3,1,0,6,5,345.25
C-1042,Italy,consumer,organic,49.81,1,0,1,10,5,368.07
C-1043,Germany,consumer,ads,96.05,1,1,0,6,9,616.33
C-1044,Hungary,consumer,ads,87.83,1,1,2,12,7,419.22
C-1046,Slovenia,consumer,organic,383.85,3,0,1,5,14,973.25
C-1047,Slovenia,business,referral,243.68,4,0,1,9,9,729.21
C-1048,Austria,consumer,ads,239.2,2,0,0,10,8,565.87
C-1049,Slovenia,consumer,ads,275.37,3,0,0,6,9,647.48
C-1050,Austria,business,referral,75.03,1,0,0,6,7,502.17
C-1051,Croatia,consumer,referral,68.97,3,0,0,9,6,476.67
C-1052,Croatia,consumer,ads,86.0,2,0,1,9,2,137.9
C-1053,Germany,business,social,128.08,4,0,2,11,12,746.77
C-1054,Austria,consumer,organic,175.38,3,1,1,10,11,751.61
C-1055,Slovenia,consumer,ads,272.48,2,0,2,3,8,618.6
C-1056,Slovenia,consumer,referral,115.52,2,1,0,9,9,584.92
C-1057,Croatia,consumer,organic,28.65,1,0,1,8,2,151.69
C-1058,Italy,consumer,referral,161.7,2,1,1,5,6,429.79
C-1060,Italy,business,ads,63.02,1,1,1,10,9,574.86
C-1062,Germany,consumer,social,24.02,2,1,0,14,4,294.15
C-1063,Croatia,consumer,ads,164.59,1,0,1,2,6,413.91
C-1064,Italy,business,organic,249.4,4,1,0,7,12,859.74
C-1065,Slovenia,business,ads,53.95,1,0,0,6,6,401.89
C-1066,Croatia,consumer,organic,134.71,1,1,0,6,7,464.82
C-1067,Italy,consumer,social,68.66,2,1,0,10,6,439.19
C-1068,Croatia,consumer,organic,188.52,3,0,0,2,7,422.13
C-1069,Austria,consumer,ads,77.65,1,0,0,8,4,301.63
C-1070,Slovenia,consumer,ads,321.96,3,0,2,5,11,772.97
C-1071,Slovenia,consumer,social,131.86,1,1,3,5,6,425.14
C-1072,Slovenia,business,ads,11.61,1,1,0,8,6,461.96
C-1073,Germany,consumer,ads,57.2,1,0,0,9,5,440.34
C-1074,Croatia,business,ads,516.51,3,0,2,10,16,1189.98
C-1075,Slovenia,business,referral,61.68,2,1,0,11,8,519.66
C-1076,Germany,consumer,ads,115.92,2,1,0,4,7,384.37
C-1077,Italy,consumer,ads,47.52,2,0,1,11,4,298.98
C-1078,Italy,consumer,referral,135.84,3,1,0,11,9,606.56
C-1079,Hungary,consumer,social,145.32,3,1,2,4,5,434.56
C-1080,Slovenia,consumer,organic,328.95,3,1,1,8,12,791.31
C-1081,Slovenia,consumer,referral,114.7,2,0,0,5,5,432.54
C-1082,Croatia,consumer,organic,152.34,2,0,1,5,4,265.66
C-1083,Slovenia,consumer,referral,35.83,1,1,1,6,4,258.28
C-1084,Austria,consumer,ads,456.06,3,1,1,10,15,1113.56
C-1085,Slovenia,consumer,referral,158.78,1,0,3,5,7,354.87
C-1086,Slovenia,consumer,organic,74.55,3,0,0,7,4,329.94
C-1087,Slovenia,consumer,ads,159.83,1,0,2,5,6,417.17
C-1088,Italy,consumer,ads,54.18,2,1,0,5,5,297.45
C-1090,Slovenia,business,ads,113.35,1,0,0,9,9,617.21
C-1091,Germany,business,organic,306.72,4,0,0,7,13,957.15
C-1092,Italy,consumer,referral,298.2,3,0,0,12,9,620.44
C-1093,Italy,business,referral,118.02,2,1,1,12,9,751.35
C-1094,Slovenia,consumer,referral,59.83,1,0,1,6,3,246.34
C-1095,Italy,consumer,organic,119.59,1,0,1,4,4,211.86
C-1096,Slovenia,consumer,ads,63.9,1,0,0,9,5,386.02
C-1098,Slovenia,business,ads,42.74,1,0,2,6,3,244.15
C-1099,Germany,business,organic,263.36,4,0,0,7,13,815.04
C-1100,Hungary,consumer,ads,34.3,1,1,0,7,4,274.57
C-1101,Slovenia,business,referral,30.44,1,0,1,9,6,440.54
C-1102,Slovenia,business,ads,228.28,4,0,1,12,10,665.21
C-1103,Slovenia,business,organic,54.08,2,1,1,7,5,360.31
C-1104,Croatia,business,organic,69.5,1,1,1,10,4,426.19
C-1105,Slovenia,consumer,ads,80.87,1,1,0,5,2,194.71
C-1106,Germany,business,organic,335.01,3,0,0,7,15,958.2
C-1107,Austria,consumer,ads,227.6,2,0,0,5,7,505.99
C-1108,Germany,consumer,referral,174.84,3,0,0,2,6,370.4
C-1109,Croatia,business,social,307.96,4,0,0,7,10,754.58
C-1110,Hungary,consumer,ads,262.35,3,1,3,5,7,504.36
C-1111,Slovenia,consumer,organic,23.16,1,1,1,9,5,326.57
C-1112,Italy,consumer,organic,83.96,1,0,1,7,5,397.6
C-1113,Italy,business,organic,272.26,2,0,1,4,14,954.36
C-1114,Hungary,business,ads,54.28,2,1,0,7,7,510.82
C-1115,Croatia,business,organic,232.02,3,0,0,7,9,573.2
C-1116,Germany,consumer,organic,296.04,2,0,0,7,7,480.03
C-1117,Slovenia,consumer,organic,76.83,3,0,4,5,1,108.08
C-1118,Hungary,consumer,referral,93.95,1,0,2,8,4,284.5
C-1119,Italy,business,organic,136.05,3,1,0,6,6,430.68
C-1120,Italy,consumer,organic,196.52,2,1,0,8,6,509.42
C-1121,Hungary,business,ads,111.04,1,0,1,5,6,461.7
C-1122,Italy,business,referral,212.19,3,0,0,12,10,722.11
C-1123,Italy,business,organic,103.4,1,0,2,6,8,569.28
C-1124,Croatia,consumer,referral,280.89,3,0,2,11,9,617.36
C-1125,Slovenia,consumer,organic,53.48,2,0,0,13,4,237.32
C-1127,Slovenia,business,referral,467.43,3,0,1,6,19,1335.39
C-1128,Slovenia,consumer,ads,116.34,2,0,0,6,4,346.01
C-1129,Germany,consumer,ads,155.14,2,1,1,7,9,565.23
C-1130,Croatia,business,ads,181.44,3,1,0,7,11,758.83
C-1131,Italy,business,social,482.4,4,1,2,5,17,1246.47
C-1132,Italy,business,social,341.92,4,1,0,7,12,884.31
C-1133,Italy,business,organic,55.04,1,1,0,5,8,623.81
C-1134,Croatia,business,referral,173.42,2,0,0,6,9,580.36
C-1135,Hungary,consumer,ads,137.27,1,0,1,7,8,484.66
C-1136,Hungary,consumer,organic,232.47,3,0,0,9,5,393.73
C-1137,Italy,business,referral,239.14,2,1,2,9,11,815.28
C-1138,Italy,consumer,social,145.4,2,0,0,6,8,429.46
C-1140,Croatia,consumer,organic,76.01,1,0,0,12,5,389.72
C-1141,Italy,consumer,organic,427.77,3,1,3,7,11,841.98
C-1142,Austria,consumer,ads,164.64,1,1,2,3,4,294.33
C-1143,Croatia,consumer,social,121.31,1,1,0,5,6,416.63
C-1144,Italy,consumer,referral,308.7,3,0,0,5,11,698.08
C-1145,Italy,consumer,organic,144.68,1,1,1,3,5,409.64
C-1146,Italy,consumer,organic,126.1,2,0,0,8,9,635.56
C-1148,Slovenia,consumer,ads,180.75,3,0,1,12,7,470.57
C-1149,Austria,consumer,organic,169.62,3,1,0,8,7,508.78
C-1150,Italy,consumer,ads,101.19,3,0,1,10,2,161.89
C-1151,Slovenia,consumer,organic,138.15,1,0,1,8,4,287.69
C-1152,Croatia,consumer,social,327.09,3,1,1,6,12,806.82
C-1153,Austria,consumer,organic,45.5,1,0,2,8,3,239.12
C-1154,Slovenia,business,social,75.16,1,0,2,6,7,502.82
C-1155,Germany,consumer,organic,164.84,2,1,1,13,6,479.18
C-1156,Hungary,consumer,social,88.92,3,1,1,5,4,178.62
C-1157,Croatia,consumer,ads,83.26,1,1,0,5,4,206.38
C-1158,Austria,business,organic,63.78,2,1,2,10,10,641.64
C-1159,Slovenia,consumer,organic,194.36,2,1,1,6,7,513.49
C-1160,Hungary,consumer,referral,137.13,1,0,1,8,5,277.58
C-1161,Italy,consumer,organic,26.49,1,1,1,8,6,403.69
C-1162,Hungary,consumer,organic,134.16,3,1,1,5,7,461.44
C-1163,Croatia,business,organic,111.85,1,1,2,5,8,586.51
C-1164,Slovenia,consumer,organic,113.68,1,0,0,9,6,429.79
C-1165,Slovenia,consumer,organic,107.46,1,1,1,7,6,303.19
C-1166,Austria,consumer,referral,135.39,1,1,0,4,10,669.95
C-1167,Croatia,consumer,organic,341.58,3,0,0,5,10,693.9
C-1168,Slovenia,consumer,organic,260.44,2,1,0,4,10,661.21
C-1169,Austria,consumer,organic,86.1,3,0,3,14,7,496.62
C-1170,Germany,consumer,ads,160.01,1,1,0,6,6,431.9
C-1171,Italy,business,organic,383.04,4,0,0,5,17,1209.91
C-1174,Germany,consumer,organic,403.05,3,0,1,5,13,901.5
C-1175,Italy,consumer,social,191.73,3,1,1,17,10,623.94
C-1176,Germany,consumer,organic,174.33,1,0,0,8,9,514.36
C-1177,Italy,consumer,referral,35.47,1,0,1,6,7,439.5
C-1178,Croatia,consumer,organic,298.74,2,1,0,10,13,877.01
C-1179,Slovenia,business,referral,29.57,1,0,0,11,8,486.1
C-1180,Slovenia,consumer,organic,49.03,1,0,0,4,1,61.22
C-1181,Germany,business,referral,161.52,2,1,0,5,11,732.87
C-1182,Italy,consumer,ads,213.22,2,1,0,8,9,585.03
C-1183,Croatia,consumer,organic,71.6,1,1,2,9,5,299.1
C-1184,Hungary,consumer,organic,70.65,3,1,0,7,4,193.12
C-1186,Germany,consumer,referral,60.78,1,1,3,6,3,246.97
C-1188,Croatia,consumer,social,245.58,3,1,2,7,11,759.82
C-1189,Germany,business,ads,103.16,4,1,0,4,10,693.76
C-1190,Italy,consumer,organic,129.07,1,0,2,11,6,464.82
C-1192,Germany,business,referral,325.68,3,0,1,9,14,925.87
C-1193,Italy,business,social,107.56,2,0,1,8,9,564.11
C-1194,Croatia,consumer,organic,329.08,2,1,0,7,11,775.04
C-1195,Hungary,consumer,social,111.28,1,0,0,6,3,236.9
C-1196,Croatia,consumer,organic,62.29,1,1,0,6,6,362.37
C-1197,Italy,business,ads,149.1,3,0,2,5,10,642.61
C-1198,Italy,business,referral,229.8,4,1,0,5,12,888.6
C-1199,Italy,consumer,ads,92.84,1,0,0,9,2,253.53
C-1200,Slovenia,consumer,organic,306.93,3,1,0,10,11,810.0
