customer_id,country,segment,acquisition_channel,months_since_last_order,n_past_orders,total_past_spend,avg_past_order_value,newsletter,opened_last_3_newsletters,past_support_tickets,voucher_redeemed,responded
W-0001,Slovenia,consumer,organic,17,7,111.31,12.91,0,0,0,0,0
W-0002,Croatia,consumer,referral,11,4,260.48,73.43,1,1,1,0,1
W-0003,Italy,business,social,16,5,214.73,41.65,0,1,2,0,0
W-0004,Italy,business,referral,6,4,224.86,48.47,0,1,2,0,0
W-0005,Italy,business,ads,8,3,77.77,22.79,0,0,1,0,0
W-0006,Germany,business,social,17,11,152.63,15.01,0,0,0,0,0
W-0007,Germany,consumer,referral,18,3,174.36,59.42,0,0,1,0,0
W-0008,Slovenia,business,referral,13,5,283.95,66.55,1,0,0,0,0
W-0009,Austria,business,organic,7,1,127.84,113.64,0,1,1,0,0
W-0010,Slovenia,consumer,referral,10,4,128.77,37.23,0,0,0,0,0
W-0011,Hungary,consumer,social,11,7,183.15,24.1,0,0,2,0,0
W-0012,Germany,consumer,ads,9,7,142.83,22.86,0,0,1,0,0
W-0013,Croatia,business,ads,11,10,126.01,10.54,0,1,2,0,0
W-0014,Austria,business,social,13,12,227.61,20.28,1,1,1,1,1
W-0015,Croatia,consumer,organic,5,8,110.19,13.99,0,0,0,0,0
W-0016,Germany,business,organic,7,4,129.3,29.85,1,1,1,1,1
W-0017,Italy,consumer,social,15,5,67.26,15.55,1,0,1,0,0
W-0018,Italy,consumer,ads,12,10,142.24,13.87,0,1,0,1,1
W-0019,Slovenia,consumer,organic,4,7,11.58,1.96,0,0,1,0,0
W-0020,Slovenia,business,ads,4,9,118.8,12.01,1,0,0,1,1
W-0021,Croatia,consumer,social,11,12,358.14,24.36,0,0,0,1,1
W-0022,Italy,consumer,social,9,6,424.55,77.12,0,0,2,0,0
W-0023,Austria,consumer,organic,8,9,249.26,25.66,0,0,1,0,0
W-0024,Slovenia,consumer,organic,15,9,155.47,17.39,0,0,1,0,0
W-0025,Italy,business,organic,13,10,114.6,10.04,1,1,1,1,1
W-0026,Italy,consumer,organic,5,6,190.42,35.34,1,1,0,1,1
W-0027,Slovenia,business,organic,3,7,599.28,84.18,0,0,2,1,1
W-0028,Croatia,consumer,organic,14,9,421.65,46.87,1,1,1,1,1
W-0029,Italy,consumer,referral,15,6,132.15,24.71,0,1,0,1,1
W-0030,Slovenia,consumer,ads,14,5,30.89,7.34,0,0,1,0,0
W-0031,Slovenia,consumer,organic,14,3,85.46,23.86,0,1,2,0,0
W-0032,Germany,consumer,referral,14,6,173.85,25.88,1,0,1,0,0
W-0033,Germany,business,ads,11,7,110.22,18.11,0,1,1,0,0
W-0034,Croatia,consumer,organic,3,3,319.16,110.28,0,0,0,1,1
W-0035,Italy,consumer,ads,8,5,122.5,26.36,1,1,0,1,1
W-0036,Hungary,consumer,organic,16,4,628.4,159.86,0,0,1,0,0
W-0037,Croatia,consumer,organic,10,9,254.68,26.16,1,1,0,1,1
W-0038,Italy,consumer,referral,7,12,178.61,16.24,1,0,1,1,1
W-0039,Germany,consumer,organic,13,2,131.04,70.55,1,1,2,0,0
W-0040,Italy,consumer,ads,5,8,238.27,31.78,0,0,1,1,1
W-0041,Austria,consumer,ads,5,3,137.02,44.52,1,1,0,0,0
W-0042,Italy,business,social,4,8,322.62,37.25,0,0,0,0,0
W-0043,Slovenia,consumer,organic,16,2,189.97,100.14,0,0,0,0,0
W-0044,Austria,consumer,social,12,4,413.92,110.78,1,0,0,0,0
W-0045,Slovenia,business,referral,6,12,48.67,4.7,0,0,2,0,0
W-0046,Italy,consumer,social,14,8,93.31,10.21,0,1,1,0,0
W-0047,Croatia,consumer,organic,4,4,173.18,47.23,1,1,1,1,1
W-0048,Slovenia,business,organic,13,4,354.16,80.47,0,0,0,0,0
W-0049,Austria,consumer,organic,10,6,123.5,20.15,0,0,0,0,0
W-0050,Croatia,consumer,social,17,5,643.15,120.2,0,0,1,0,0
W-0051,Croatia,consumer,organic,11,12,204.32,20.02,1,1,0,0,0
W-0052,Italy,consumer,organic,9,12,462.7,35.53,0,0,1,1,1
W-0053,Italy,business,ads,12,3,410.23,124.29,1,0,1,1,1
W-0054,Italy,consumer,social,4,10,366.08,34.85,0,1,1,1,1
W-0055,Italy,consumer,ads,11,10,120.93,11.04,1,1,0,1,1
W-0056,Austria,consumer,organic,7,6,826.1,145.65,0,0,2,1,1
W-0057,Croatia,consumer,organic,7,4,402.94,117.48,0,0,1,0,0
W-0058,Italy,consumer,ads,6,7,62.11,9.77,0,1,0,1,1
W-0059,Slovenia,consumer,ads,10,1,102.59,118.14,0,0,1,0,0
W-0060,Germany,consumer,organic,14,4,641.16,137.87,0,0,0,0,0
W-0061,Croatia,business,organic,6,8,274.21,32.91,0,0,2,1,1
W-0062,Italy,consumer,ads,15,9,267.98,26.47,0,1,1,0,0
W-0063,Italy,business,organic,12,1,246.46,275.43,0,0,0,0,0
W-0064,Slovenia,consumer,ads,10,4,527.12,120.85,0,1,2,0,0
W-0065,Germany,consumer,social,17,2,468.99,207.16,0,0,2,0,0
W-0066,Hungary,consumer,organic,7,11,369.57,33.4,1,1,1,1,1
W-0067,Slovenia,business,referral,4,6,91.58,17.13,1,0,1,0,0
W-0068,Italy,consumer,ads,10,12,888.44,61.42,0,1,1,1,1
W-0069,Austria,consumer,organic,4,6,76.45,11.86,0,0,1,0,0
W-0070,Italy,consumer,ads,13,9,29.02,3.02,0,0,0,0,0
W-0071,Croatia,consumer,organic,5,5,588.53,101.8,1,0,1,0,0
W-0072,Italy,consumer,organic,5,3,107.13,32.43,0,0,0,0,0
W-0073,Germany,consumer,referral,17,12,137.89,10.93,0,0,0,0,0
W-0074,Hungary,business,ads,11,6,298.34,58.56,1,0,0,1,1
W-0075,Germany,consumer,social,12,2,138.58,77.98,1,1,0,1,1
W-0076,Croatia,consumer,organic,6,4,131.31,33.7,1,0,0,0,0
W-0077,Slovenia,consumer,organic,12,1,177.19,205.89,0,0,0,0,0
W-0078,Hungary,consumer,ads,15,5,315.98,64.16,1,1,0,1,1
W-0079,Slovenia,business,referral,12,3,199.21,65.36,1,1,1,0,0
W-0080,Slovenia,business,referral,11,2,444.49,253.76,1,1,0,0,0
W-0081,Slovenia,consumer,organic,8,7,642.92,106.62,0,0,3,0,0
W-0082,Austria,consumer,organic,10,8,214.9,27.46,1,1,0,0,0
W-0083,Italy,consumer,organic,5,12,99.97,7.28,1,0,2,0,0
W-0084,Slovenia,consumer,ads,11,4,84.82,21.82,0,1,0,0,0
W-0085,Slovenia,consumer,organic,8,2,121.34,50.14,1,1,3,0,0
W-0086,Croatia,consumer,organic,8,2,77.36,46.35,0,0,0,0,0
W-0087,Italy,consumer,referral,9,4,368.73,88.73,0,1,1,1,1
W-0088,Croatia,consumer,organic,16,12,254.53,22.47,1,0,0,0,1
W-0089,Croatia,consumer,social,16,7,272.81,35.54,1,1,0,1,1
W-0090,Germany,business,ads,3,1,245.51,245.21,1,1,0,1,1
W-0091,Germany,business,organic,12,5,148.61,35.04,1,1,2,0,0
W-0092,Slovenia,business,referral,7,12,220.52,20.99,0,0,0,0,0
W-0093,Hungary,business,organic,7,6,225.6,39.41,0,0,0,0,0
W-0094,Germany,consumer,ads,8,2,49.94,29.66,1,1,0,0,0
W-0095,Croatia,consumer,ads,8,2,346.7,171.24,0,0,0,0,0
W-0096,Austria,business,organic,5,6,593.18,105.78,1,0,0,1,1
W-0097,Croatia,consumer,social,13,4,301.81,77.09,1,1,0,1,1
W-0098,Germany,business,organic,13,6,567.66,96.69,1,0,0,0,0
W-0099,Slovenia,consumer,ads,17,8,79.4,8.97,1,0,1,0,0
W-0100,Croatia,consumer,organic,3,9,494.19,44.28,1,1,0,1,1
W-0101,Germany,consumer,ads,4,8,313.13,34.59,1,1,1,1,1
W-0102,Slovenia,business,social,12,11,296.8,26.1,0,0,1,0,1
W-0103,Croatia,consumer,organic,10,3,300.61,86.43,0,1,0,1,1
W-0104,Italy,business,ads,14,5,186.46,41.53,0,0,0,0,0
W-0105,Austria,consumer,ads,11,3,224.54,86.68,0,0,2,0,0
W-0106,Slovenia,business,organic,7,9,201.85,21.66,0,1,2,1,1
W-0107,Croatia,consumer,ads,3,3,52.18,19.37,1,0,1,0,0
W-0108,Germany,consumer,social,7,1,192.69,218.71,0,1,1,1,1
W-0109,Croatia,business,referral,3,10,261.77,26.75,0,1,0,1,1
W-0110,Italy,consumer,ads,10,1,468.78,548.09,0,0,0,0,0
W-0111,Austria,consumer,organic,7,3,547.8,210.83,0,1,1,1,1
W-0112,Italy,consumer,organic,8,5,433.94,72.65,1,0,0,1,1
W-0113,Austria,consumer,social,16,6,159.78,27.37,1,1,0,1,1
W-0114,Slovenia,business,referral,7,5,371.25,87.04,0,0,0,0,0
W-0115,Slovenia,consumer,referral,17,1,43.52,47.78,0,0,1,0,0
W-0116,Slovenia,business,ads,13,5,255.76,45.04,0,0,0,0,0
W-0117,Slovenia,consumer,organic,13,11,335.98,32.22,0,0,1,0,0
W-0118,Croatia,consumer,ads,7,6,66.07,10.56,0,0,1,0,0
W-0119,Slovenia,business,ads,17,4,339.2,76.78,0,0,2,0,0
W-0120,Croatia,business,organic,14,8,75.7,10.42,1,0,1,0,0
W-0121,Austria,consumer,ads,15,10,316.4,27.4,0,0,0,0,0
W-0122,Germany,consumer,ads,8,3,157.45,57.07,1,1,0,1,1
W-0123,Italy,consumer,organic,5,9,122.07,13.14,1,1,1,1,1
W-0124,Italy,consumer,organic,16,5,310.3,61.9,1,1,0,0,0
W-0125,Italy,consumer,organic,5,2,123.58,55.09,0,0,1,0,0
W-0126,Slovenia,consumer,referral,18,4,804.71,195.57,0,1,1,1,1
W-0127,Austria,consumer,ads,16,7,426.56,72.89,1,1,0,1,1
W-0128,Germany,consumer,ads,14,12,769.5,67.99,0,1,1,1,1
W-0129,Italy,consumer,ads,10,11,446.27,46.81,1,1,0,1,1
W-0130,Croatia,business,ads,8,3,59.6,22.78,1,1,0,1,1
W-0131,Hungary,consumer,organic,11,6,215.65,39.04,0,0,1,0,0
W-0132,Austria,consumer,ads,12,1,117.26,99.34,1,1,1,0,0
W-0133,Austria,consumer,social,6,6,206.23,37.7,1,1,0,1,1
W-0134,Germany,consumer,referral,15,3,136.53,44.65,0,1,1,0,0
W-0135,Slovenia,consumer,referral,15,2,338.98,189.49,0,0,0,0,0
W-0136,Austria,consumer,referral,8,9,166.15,18.72,1,1,1,1,1
W-0137,Austria,consumer,organic,16,12,126.96,8.92,0,1,0,0,0
W-0138,Germany,business,referral,11,3,178.48,58.35,1,1,1,1,1
W-0139,Italy,consumer,referral,6,11,132.15,10.27,0,1,1,0,0
W-0140,Austria,consumer,referral,4,8,519.96,72.24,1,1,0,1,1
W-0141,Croatia,consumer,social,10,6,134.97,22.15,0,1,0,1,1
W-0142,Italy,consumer,organic,10,9,352.48,45.62,1,0,4,0,0
W-0143,Slovenia,consumer,organic,16,3,281.69,80.71,1,1,0,1,1
W-0144,Italy,consumer,social,9,4,344.21,82.15,0,0,0,0,0
W-0145,Hungary,business,ads,11,9,72.5,6.97,1,1,1,1,1
W-0146,Slovenia,consumer,social,7,10,136.04,11.34,1,1,0,0,0
W-0147,Slovenia,consumer,ads,16,3,457.69,134.39,1,0,0,0,0
W-0148,Italy,consumer,ads,6,12,340.86,23.06,1,1,1,1,1
W-0149,Slovenia,consumer,referral,10,10,185.26,16.4,0,0,0,1,1
W-0150,Slovenia,consumer,ads,4,4,157.06,40.4,0,0,0,1,1
W-0151,Germany,consumer,organic,15,9,114.11,12.39,1,0,1,0,0
W-0152,Italy,consumer,ads,4,5,126.18,20.45,0,1,3,0,0
W-0153,Croatia,business,organic,6,5,408.31,70.95,0,0,1,0,0
W-0154,Slovenia,business,social,3,7,194.14,22.56,1,1,0,1,1
W-0155,Austria,consumer,social,6,1,250.76,271.23,0,0,2,0,0
W-0156,Slovenia,consumer,organic,4,5,244.5,44.48,0,0,0,0,0
W-0157,Germany,business,organic,11,1,205.38,232.62,1,0,1,1,1
W-0158,Italy,consumer,referral,18,11,315.01,27.36,1,0,1,1,1
W-0159,Slovenia,consumer,organic,12,1,98.03,104.86,0,1,1,0,0
W-0160,Austria,consumer,organic,5,12,194.39,17.37,0,0,0,1,1
W-0161,Croatia,business,organic,6,10,558.83,62.51,1,1,1,1,1
W-0162,Italy,consumer,social,9,6,389.44,66.74,1,1,1,1,1
W-0163,Slovenia,consumer,ads,9,6,433.01,67.82,0,1,0,0,0
W-0164,Germany,consumer,organic,18,9,245.81,22.65,0,1,1,0,0
W-0165,Italy,business,organic,9,5,156.45,25.64,0,0,1,0,0
W-0166,Slovenia,consumer,organic,9,1,283.24,284.19,0,1,1,0,0
W-0167,Hungary,consumer,ads,13,4,279.87,79.78,1,1,2,0,0
W-0168,Slovenia,business,organic,16,9,199.87,19.95,0,1,2,0,0
W-0169,Slovenia,business,ads,3,12,153.6,14.54,0,0,1,1,1
W-0170,Italy,consumer,social,7,3,92.86,29.11,1,1,0,1,1
W-0171,Slovenia,consumer,ads,15,12,106.4,10.54,1,1,0,1,1
W-0172,Italy,consumer,organic,18,5,85.64,19.52,0,1,2,0,0
W-0173,Croatia,business,organic,7,1,440.27,368.62,1,1,2,0,1
W-0174,Hungary,consumer,organic,10,12,280.18,24.85,0,0,2,0,0
W-0175,Hungary,consumer,ads,7,11,384.59,40.65,0,0,5,0,0
W-0176,Slovenia,consumer,organic,13,3,261.98,80.86,1,1,0,0,1
W-0177,Germany,business,organic,15,3,519.31,174.27,1,1,2,0,0
W-0178,Slovenia,consumer,referral,8,10,468.98,52.68,0,0,0,0,0
W-0179,Germany,consumer,ads,4,7,129.61,18.94,1,1,0,1,1
W-0180,Slovenia,consumer,referral,6,1,253.92,282.54,1,0,1,0,0
W-0181,Austria,consumer,ads,10,11,301.11,23.43,1,0,1,1,1
W-0182,Austria,business,organic,6,11,158.03,16.8,1,1,0,1,1
W-0183,Germany,consumer,ads,16,5,211.68,35.97,1,0,1,0,0
W-0184,Hungary,business,ads,6,2,236.13,109.13,0,0,0,1,1
W-0185,Slovenia,business,organic,16,4,285.03,76.65,0,0,1,0,0
W-0186,Croatia,consumer,social,11,1,229.36,215.17,0,1,0,1,1
W-0187,Austria,consumer,social,15,1,229.68,268.7,0,0,0,0,0
W-0188,Slovenia,business,referral,12,2,122.91,57.03,1,1,2,1,1
W-0189,Austria,business,social,8,1,247.49,225.06,0,0,2,0,0
W-0190,Italy,consumer,ads,14,9,427.7,53.37,0,0,1,0,0
W-0191,Slovenia,consumer,organic,15,8,542.88,72.68,1,1,0,0,1
W-0192,Croatia,consumer,referral,9,5,64.54,11.81,1,0,0,0,0
W-0193,Italy,business,referral,15,9,220.34,20.19,1,1,1,0,0
W-0194,Croatia,consumer,organic,5,2,112.64,54.37,0,0,0,1,1
W-0195,Croatia,consumer,social,3,10,174.9,16.44,0,1,0,1,1
W-0196,Italy,consumer,social,12,9,308.61,39.53,1,0,1,0,0
W-0197,Germany,business,ads,4,8,96.16,13.97,1,0,2,1,1
W-0198,Slovenia,consumer,ads,4,8,141.99,18.05,0,1,0,1,1
W-0199,Slovenia,consumer,ads,6,12,155.83,15.41,1,1,0,0,1
W-0200,Italy,consumer,ads,18,2,214.82,99.9,0,0,3,0,0
W-0201,Germany,consumer,organic,16,10,255.18,26.7,0,1,1,1,1
W-0202,Austria,consumer,organic,15,7,385.76,50.6,0,0,0,0,0
W-0203,Slovenia,business,social,18,6,68.64,9.38,1,1,0,0,0
W-0204,Austria,consumer,referral,12,6,459.4,64.22,0,0,1,0,0
W-0205,Germany,business,social,5,11,147.15,10.78,0,0,2,0,0
W-0206,Germany,consumer,referral,4,11,208.07,15.85,0,0,1,1,1
W-0207,Slovenia,consumer,organic,10,3,235.13,93.93,0,0,1,0,0
W-0208,Slovenia,consumer,referral,10,11,160.68,12.19,0,0,2,0,0
W-0209,Germany,consumer,organic,10,11,161.66,16.91,1,0,2,0,0
W-0210,Germany,business,social,5,6,109.34,21.13,0,0,1,0,0
W-0211,Slovenia,consumer,ads,6,4,490.22,123.94,1,0,1,0,1
W-0212,Croatia,consumer,ads,18,7,774.06,111.38,0,0,0,0,0
W-0213,Slovenia,consumer,referral,8,11,427.86,41.95,0,0,0,1,1
W-0214,Italy,consumer,organic,9,5,124.58,22.41,1,0,3,0,0
W-0215,Slovenia,consumer,ads,14,10,102.63,9.39,1,0,1,1,1
W-0216,Slovenia,business,organic,13,3,276.12,74.03,0,0,0,0,0
W-0217,Slovenia,consumer,organic,13,11,445.29,35.16,0,0,2,0,1
W-0218,Germany,business,ads,4,9,205.62,23.31,0,0,1,0,0
W-0219,Croatia,consumer,ads,8,6,300.51,46.21,0,1,0,1,1
W-0220,Slovenia,consumer,organic,9,9,219.25,27.58,1,0,1,0,0
W-0221,Italy,consumer,ads,10,3,426.95,159.96,0,0,1,0,0
W-0222,Italy,consumer,organic,5,2,428.97,205.65,0,1,1,1,1
W-0223,Croatia,consumer,organic,4,1,570.22,619.22,1,1,1,0,0
W-0224,Croatia,consumer,referral,12,10,555.96,62.81,0,1,2,1,1
W-0225,Italy,business,ads,16,9,61.61,7.61,1,1,3,1,1
W-0226,Italy,consumer,organic,18,11,264.82,28.37,0,0,1,0,0
W-0227,Croatia,consumer,organic,3,12,219.62,16.18,0,1,1,1,1
W-0228,Hungary,consumer,ads,9,5,561.5,116.72,0,0,0,0,0
W-0229,Croatia,consumer,ads,17,3,214.66,70.62,0,0,0,0,0
W-0230,Germany,consumer,ads,14,4,216.93,43.46,0,0,1,0,0
W-0231,Slovenia,business,ads,6,3,40.43,14.65,0,0,0,0,0
W-0232,Slovenia,business,organic,4,3,351.0,97.7,1,0,1,0,0
W-0233,Germany,consumer,ads,6,12,37.11,2.7,1,0,3,0,0
W-0234,Croatia,consumer,organic,7,10,212.88,23.41,1,0,0,1,1
W-0235,Italy,consumer,ads,18,5,120.61,28.29,1,1,1,0,0
W-0236,Italy,consumer,organic,5,3,145.98,53.08,1,0,1,0,0
W-0237,Slovenia,business,referral,7,10,400.97,46.24,1,0,1,1,1
W-0238,Austria,consumer,referral,5,11,144.47,13.21,1,0,0,0,0
W-0239,Italy,consumer,ads,14,11,434.11,39.25,1,1,3,1,1
W-0240,Italy,business,organic,5,5,128.17,23.42,0,0,0,0,0
W-0241,Germany,business,referral,6,4,163.05,33.73,1,0,0,1,1
W-0242,Hungary,consumer,ads,13,3,165.02,47.7,0,1,0,0,0
W-0243,Hungary,consumer,referral,9,3,321.39,95.27,0,0,0,0,0
W-0244,Italy,consumer,organic,10,12,235.68,22.57,1,1,2,1,1
W-0245,Slovenia,business,ads,14,4,354.4,70.96,0,1,0,0,1
W-0246,Slovenia,business,ads,12,11,85.21,7.51,0,0,0,0,0
W-0247,Italy,consumer,organic,17,3,293.83,116.42,0,0,0,0,0
W-0248,Slovenia,consumer,ads,12,5,191.28,44.48,0,0,0,0,0
W-0249,Slovenia,business,ads,4,5,208.24,35.17,1,1,0,1,1
W-0250,Slovenia,consumer,referral,8,3,341.26,124.86,1,1,1,1,1
W-0251,Hungary,consumer,ads,6,6,91.51,17.52,0,0,0,0,0
W-0252,Slovenia,consumer,ads,16,9,169.99,16.53,1,1,1,1,1
W-0253,Slovenia,consumer,organic,9,7,123.61,15.9,0,0,0,1,1
W-0254,Germany,consumer,ads,11,8,379.06,50.86,1,0,0,0,0
W-0255,Croatia,consumer,ads,15,9,361.99,44.37,0,0,1,0,0
W-0256,Austria,consumer,organic,16,10,65.14,7.49,1,0,1,0,0
W-0257,Italy,business,social,12,12,143.11,11.44,0,0,1,0,0
W-0258,Hungary,business,referral,15,8,160.2,16.4,1,0,1,0,0
W-0259,Hungary,consumer,referral,4,1,79.75,94.95,1,1,1,0,0
W-0260,Croatia,business,ads,14,5,140.91,25.46,1,0,1,0,0
W-0261,Hungary,consumer,ads,10,5,192.67,42.69,0,0,2,0,0
W-0262,Croatia,business,referral,11,6,636.41,123.86,0,0,0,0,0
W-0263,Italy,consumer,social,17,4,317.31,80.63,1,1,1,0,0
W-0264,Germany,consumer,referral,16,4,184.86,46.65,1,0,0,0,0
W-0265,Croatia,consumer,organic,5,9,524.8,52.25,0,0,2,0,0
W-0266,Slovenia,consumer,referral,13,3,138.61,38.09,0,0,2,0,0
W-0267,Croatia,consumer,ads,9,7,143.88,17.35,0,0,1,0,0
W-0268,Slovenia,business,organic,14,5,245.57,53.51,0,0,1,0,0
W-0269,Germany,consumer,organic,5,9,324.81,31.74,0,1,2,0,0
W-0270,Croatia,business,social,3,9,99.78,11.07,0,0,1,1,1
W-0271,Slovenia,consumer,ads,7,12,223.37,18.75,0,0,1,1,1
W-0272,Hungary,consumer,referral,9,12,156.87,15.3,0,0,1,0,0
W-0273,Hungary,consumer,ads,17,11,301.67,27.87,0,0,1,0,0
W-0274,Austria,consumer,organic,13,11,497.81,47.35,0,1,2,0,0
W-0275,Italy,consumer,ads,18,4,263.74,74.14,1,1,0,0,0
W-0276,Croatia,consumer,organic,4,3,392.34,120.38,1,1,2,1,1
W-0277,Slovenia,business,organic,5,1,90.36,97.14,1,1,1,0,0
W-0278,Slovenia,consumer,referral,11,10,63.75,5.35,0,0,0,0,0
W-0279,Italy,consumer,ads,10,12,132.43,9.14,0,0,0,0,0
W-0280,Italy,consumer,organic,11,2,585.71,347.8,1,1,1,0,0
W-0281,Austria,consumer,organic,10,1,161.61,149.71,0,0,0,0,0
W-0282,Slovenia,consumer,referral,7,11,187.84,16.79,0,0,0,0,0
W-0283,Slovenia,consumer,referral,12,12,309.67,22.22,0,1,2,0,0
W-0284,Austria,consumer,organic,7,4,344.72,79.43,1,1,0,0,0
W-0285,Germany,consumer,referral,3,1,141.64,164.41,1,1,1,0,0
W-0286,Germany,business,ads,14,6,277.75,54.3,1,1,0,1,1
W-0287,Austria,business,referral,10,6,112.97,19.76,1,0,0,1,1
W-0288,Hungary,consumer,social,4,2,82.69,36.45,1,0,0,0,0
W-0289,Croatia,consumer,organic,15,8,172.34,25.47,1,1,0,0,1
W-0290,Germany,consumer,ads,3,7,321.91,51.18,0,0,1,1,1
W-0291,Italy,consumer,referral,8,4,283.15,59.42,1,0,1,0,0
W-0292,Italy,consumer,social,17,12,250.87,22.44,1,1,1,1,1
W-0293,Germany,business,referral,8,10,43.43,4.19,0,0,1,0,0
W-0294,Italy,consumer,referral,14,11,222.92,16.5,0,0,1,0,0
W-0295,Austria,business,social,14,6,280.19,41.98,0,0,0,0,0
W-0296,Italy,consumer,organic,11,5,221.54,45.14,1,0,1,0,0
W-0297,Slovenia,consumer,ads,12,4,270.95,69.74,1,0,1,0,0
W-0298,Slovenia,business,referral,15,2,332.46,197.15,0,0,1,0,0
W-0299,Croatia,consumer,ads,7,11,402.84,36.14,0,0,2,0,0
W-0300,Austria,business,ads,7,8,249.6,29.27,0,0,0,0,0
W-0301,Austria,business,ads,5,6,230.38,44.35,0,0,1,0,0
W-0302,Italy,consumer,organic,13,9,575.1,64.18,0,1,1,1,1
W-0303,Slovenia,consumer,ads,6,3,254.8,86.47,0,0,1,0,0
W-0304,Croatia,consumer,organic,12,11,116.63,9.31,0,0,0,0,0
W-0305,Slovenia,consumer,referral,17,11,165.96,16.8,0,0,0,1,1
W-0306,Italy,consumer,social,7,10,232.73,25.89,0,0,2,0,0
W-0307,Croatia,business,organic,3,2,407.94,208.63,1,1,1,1,1
W-0308,Italy,business,social,7,11,194.15,16.74,0,0,1,1,1
W-0309,Italy,consumer,organic,14,4,403.66,104.06,0,0,0,0,0
W-0310,Slovenia,consumer,organic,10,9,184.23,23.11,1,1,0,1,1
W-0311,Slovenia,consumer,organic,7,5,177.2,37.95,0,0,1,0,0
W-0312,Germany,consumer,ads,4,5,389.59,90.25,1,0,0,1,1
W-0313,Croatia,consumer,referral,5,7,103.93,14.46,1,1,0,0,0
W-0314,Germany,consumer,ads,14,12,485.18,42.91,1,0,1,1,1
W-0315,Germany,consumer,organic,9,6,203.19,34.83,0,0,2,0,0
W-0316,Slovenia,consumer,organic,17,4,996.53,264.42,1,1,1,1,1
W-0317,Italy,consumer,referral,3,12,152.5,12.68,1,1,2,1,1
W-0318,Croatia,consumer,ads,17,6,166.07,28.3,0,1,3,0,0
W-0319,Slovenia,business,ads,5,8,158.32,19.1,0,0,0,0,0
W-0320,Slovenia,consumer,organic,12,8,137.18,17.38,0,0,1,0,0
W-0321,Germany,consumer,ads,16,10,102.83,9.36,0,1,0,0,0
W-0322,Germany,consumer,organic,6,8,202.87,29.42,1,1,0,1,1
W-0323,Italy,consumer,organic,8,2,596.07,277.53,1,1,0,1,1
W-0324,Austria,business,ads,3,9,217.86,27.81,1,0,0,1,1
W-0325,Croatia,consumer,ads,12,5,108.22,24.45,0,0,0,0,0
W-0326,Austria,consumer,ads,11,7,137.07,21.23,0,0,0,0,0
W-0327,Italy,business,organic,9,3,105.99,36.98,0,1,0,0,0
W-0328,Italy,business,ads,6,2,256.28,143.46,0,1,0,0,0
W-0329,Germany,consumer,organic,3,5,297.45,65.16,0,0,0,0,0
W-0330,Germany,business,ads,7,10,216.25,21.95,0,0,3,0,0
W-0331,Italy,business,referral,3,11,207.94,15.35,0,0,2,0,0
W-0332,Germany,consumer,ads,13,9,499.6,54.48,0,0,1,1,1
W-0333,Italy,consumer,ads,12,3,225.04,70.0,1,1,1,0,0
W-0334,Austria,consumer,organic,4,2,130.42,77.57,0,0,0,0,0
W-0335,Austria,consumer,organic,7,3,191.49,60.17,0,1,1,0,0
W-0336,Italy,consumer,referral,12,8,300.14,40.04,0,0,2,0,0
W-0337,Germany,consumer,organic,16,10,126.15,11.42,0,1,0,0,0
W-0338,Italy,business,referral,14,3,404.75,160.17,0,0,0,0,0
W-0339,Hungary,business,organic,17,2,168.17,100.07,0,1,2,0,0
W-0340,Hungary,consumer,organic,3,7,297.48,43.67,0,0,1,1,1
W-0341,Germany,business,referral,11,8,185.52,27.78,0,0,0,0,0
W-0342,Germany,consumer,referral,11,6,139.98,22.3,0,1,0,0,1
W-0343,Slovenia,consumer,organic,4,11,216.7,15.94,0,0,3,0,0
W-0344,Croatia,consumer,social,14,3,256.23,100.03,1,0,1,0,0
W-0345,Austria,consumer,social,8,10,100.31,9.06,0,0,1,0,0
W-0346,Croatia,consumer,ads,9,5,210.25,42.96,0,0,2,0,0
W-0347,Croatia,consumer,ads,5,5,76.48,17.89,1,0,0,0,1
W-0348,Slovenia,consumer,organic,7,4,158.88,35.58,1,1,0,1,1
W-0349,Slovenia,consumer,organic,3,6,266.58,45.05,1,1,1,1,1
W-0350,Germany,business,referral,5,9,82.69,9.36,1,1,0,1,1
W-0351,Slovenia,consumer,organic,7,12,273.16,23.21,0,0,1,1,1
W-0352,Austria,consumer,referral,18,1,41.84,43.86,0,0,1,0,0
W-0353,Slovenia,consumer,social,4,9,255.81,27.59,1,1,0,0,1
W-0354,Italy,consumer,referral,9,4,40.18,9.86,1,0,0,1,1
W-0355,Slovenia,consumer,organic,12,7,426.14,65.29,1,1,0,1,1
W-0356,Austria,consumer,organic,6,1,229.57,270.2,1,1,3,0,0
W-0357,Slovenia,consumer,organic,16,2,152.61,89.08,0,0,0,0,0
W-0358,Italy,consumer,ads,3,8,367.64,43.22,1,0,1,0,0
W-0359,Slovenia,consumer,organic,6,2,319.2,147.01,1,0,3,0,0
W-0360,Croatia,consumer,organic,6,12,278.08,23.27,0,0,1,0,0
W-0361,Austria,consumer,organic,12,9,366.63,45.79,0,0,1,0,1
W-0362,Slovenia,business,ads,16,7,73.73,11.58,0,0,0,0,0
W-0363,Germany,consumer,referral,11,11,355.2,27.57,0,0,0,0,0
W-0364,Germany,business,ads,5,12,420.63,41.31,0,0,0,0,0
W-0365,Hungary,consumer,organic,4,9,240.51,25.98,0,0,0,0,0
W-0366,Italy,consumer,referral,13,8,416.16,47.23,0,0,1,1,1
W-0367,Germany,consumer,social,18,4,849.71,221.43,0,0,2,0,0
W-0368,Slovenia,consumer,social,17,10,242.8,23.12,1,1,1,0,0
W-0369,Hungary,business,social,17,2,91.81,50.4,0,0,1,0,0
W-0370,Slovenia,consumer,social,9,7,339.4,53.58,0,0,1,0,0
W-0371,Italy,consumer,referral,18,8,151.74,21.71,0,0,0,0,0
W-0372,Slovenia,consumer,organic,11,11,87.09,8.87,1,1,0,1,1
W-0373,Germany,business,social,17,6,428.36,85.57,0,0,0,0,0
W-0374,Italy,consumer,organic,5,2,130.78,58.4,0,1,0,0,0
W-0375,Hungary,consumer,ads,7,2,88.42,45.18,1,1,0,1,1
W-0376,Slovenia,consumer,social,6,6,63.66,10.31,1,1,0,1,1
W-0377,Germany,consumer,social,11,7,340.65,54.75,0,0,1,0,0
W-0378,Italy,business,organic,9,4,258.8,69.74,0,0,0,0,0
W-0379,Slovenia,consumer,social,11,1,524.19,521.11,0,0,0,1,1
W-0380,Austria,consumer,organic,13,4,227.56,61.77,1,1,1,1,1
W-0381,Slovenia,consumer,organic,9,9,268.34,29.49,0,0,1,0,0
W-0382,Croatia,consumer,organic,10,7,438.01,73.42,0,0,0,1,1
W-0383,Italy,business,referral,15,3,262.54,85.9,1,1,1,0,0
W-0384,Slovenia,business,organic,16,2,436.88,204.8,0,0,1,0,0
W-0385,Italy,consumer,ads,12,12,235.04,19.53,1,0,1,0,0
W-0386,Italy,consumer,ads,14,11,759.01,67.18,1,1,2,1,1
W-0387,Slovenia,consumer,organic,17,7,91.89,13.03,0,1,1,0,0
W-0388,Hungary,consumer,referral,12,4,38.74,10.56,1,0,1,0,0
W-0389,Croatia,consumer,ads,3,9,139.09,15.1,0,0,1,0,0
W-0390,Slovenia,consumer,ads,9,1,48.84,48.88,0,0,0,0,0
W-0391,Austria,consumer,organic,18,4,75.68,15.68,1,1,1,0,0
W-0392,Italy,business,referral,11,3,291.2,107.21,0,1,2,0,0
W-0393,Croatia,consumer,ads,17,5,395.87,93.88,0,0,0,0,0
W-0394,Italy,consumer,social,9,5,32.12,6.94,0,0,0,0,0
W-0395,Croatia,consumer,organic,14,12,109.59,10.49,0,1,0,1,1
W-0396,Austria,consumer,social,10,5,70.61,13.11,0,1,1,0,0
W-0397,Slovenia,consumer,social,5,7,77.41,12.88,0,0,1,0,0
W-0398,Germany,consumer,social,7,1,474.37,396.2,1,0,0,0,0
W-0399,Croatia,business,ads,6,1,235.92,282.05,0,0,0,0,0
W-0400,Croatia,consumer,referral,5,3,661.92,255.84,0,0,2,0,0
W-0401,Slovenia,consumer,ads,5,5,94.06,22.55,0,0,0,1,1
W-0402,Slovenia,consumer,referral,18,7,269.21,36.25,0,0,0,0,0
W-0403,Italy,consumer,organic,13,11,334.1,24.74,0,0,0,1,1
W-0404,Slovenia,business,referral,3,4,623.65,173.16,0,0,0,0,0
W-0405,Slovenia,consumer,organic,3,8,56.62,6.04,0,1,0,1,1
W-0406,Austria,consumer,organic,3,5,347.34,76.37,1,1,1,0,1
W-0407,Italy,business,ads,6,7,544.27,73.91,1,1,0,0,1
W-0408,Austria,business,organic,4,9,60.26,5.75,0,0,0,0,0
W-0409,Slovenia,consumer,organic,16,11,162.25,13.66,1,0,3,0,0
W-0410,Austria,consumer,referral,9,9,371.91,34.67,1,1,3,0,0
W-0411,Slovenia,consumer,referral,12,3,74.15,24.67,1,1,1,0,0
W-0412,Germany,consumer,referral,11,7,341.38,44.47,0,0,1,1,1
W-0413,Germany,consumer,social,11,5,125.36,22.62,0,0,0,0,0
W-0414,Austria,consumer,organic,7,6,335.19,44.78,0,0,3,0,0
W-0415,Italy,business,referral,11,10,328.19,36.25,1,1,0,1,1
W-0416,Slovenia,consumer,organic,14,6,262.44,48.87,0,0,0,0,0
W-0417,Austria,consumer,referral,5,6,270.07,45.95,0,1,1,0,0
W-0418,Croatia,business,organic,8,4,120.92,31.2,0,0,0,0,0
W-0419,Slovenia,business,organic,13,5,517.95,113.92,1,0,2,0,0
W-0420,Croatia,consumer,referral,4,12,129.37,12.8,0,1,2,0,1
W-0421,Slovenia,consumer,referral,3,5,230.1,52.14,0,1,0,1,1
W-0422,Italy,consumer,organic,9,2,407.14,207.88,0,0,0,0,0
W-0423,Croatia,consumer,referral,4,1,149.09,175.61,0,0,1,0,0
W-0424,Germany,consumer,organic,10,10,119.95,12.77,1,0,0,0,0
W-0425,Slovenia,business,ads,15,2,143.34,67.7,0,0,3,0,0
W-0426,Slovenia,consumer,referral,11,4,401.18,108.64,1,1,1,0,0
W-0427,Italy,consumer,organic,7,1,443.63,478.56,0,0,0,1,1
W-0428,Slovenia,business,ads,7,11,51.94,5.59,0,1,1,1,1
W-0429,Hungary,consumer,ads,18,1,235.16,236.98,1,0,1,0,0
W-0430,Germany,business,referral,9,12,58.71,4.81,1,1,2,0,0
W-0431,Croatia,consumer,organic,9,8,129.3,13.04,0,1,0,1,1
W-0432,Slovenia,consumer,ads,8,8,187.74,23.88,0,0,1,0,0
W-0433,Slovenia,consumer,referral,17,5,322.7,58.7,0,0,1,0,0
W-0434,Hungary,consumer,organic,5,11,150.65,15.23,0,0,0,1,1
W-0435,Slovenia,consumer,ads,16,2,303.05,176.09,0,0,1,0,0
W-0436,Slovenia,consumer,organic,8,11,108.99,11.45,0,1,2,1,1
W-0437,Germany,business,ads,11,12,102.23,7.12,1,1,4,1,1
W-0438,Italy,business,ads,13,4,59.32,15.55,0,0,1,0,0
W-0439,Italy,business,referral,11,8,219.6,29.24,0,1,0,1,1
W-0440,Italy,consumer,ads,18,2,265.09,119.96,1,1,1,0,0
W-0441,Austria,business,social,15,3,23.58,7.92,1,0,2,0,0
W-0442,Italy,business,referral,10,12,412.88,35.73,0,0,2,0,0
W-0443,Germany,consumer,organic,7,7,307.26,39.77,0,0,0,1,1
W-0444,Italy,consumer,ads,10,9,147.87,15.92,0,0,2,1,1
W-0445,Slovenia,consumer,referral,10,7,179.18,29.11,0,0,0,0,0
W-0446,Slovenia,business,ads,7,11,295.87,23.64,0,1,0,1,1
W-0447,Austria,consumer,organic,6,4,387.78,116.28,0,0,0,0,0
W-0448,Slovenia,consumer,organic,9,1,346.35,366.02,1,1,0,1,1
W-0449,Croatia,business,referral,13,9,84.12,11.21,1,0,0,0,0
W-0450,Croatia,consumer,organic,17,10,257.88,26.31,0,0,1,0,0
W-0451,Hungary,consumer,ads,9,10,170.53,18.89,1,1,0,1,1
W-0452,Slovenia,business,social,6,10,443.61,50.27,0,0,2,0,0
W-0453,Slovenia,consumer,referral,6,1,246.96,227.19,1,1,1,0,1
W-0454,Austria,consumer,organic,10,9,302.03,39.08,1,1,0,1,1
W-0455,Italy,consumer,referral,18,9,110.39,10.37,1,1,1,0,0
W-0456,Slovenia,consumer,referral,18,12,635.4,58.51,1,0,0,0,1
W-0457,Germany,business,referral,12,5,403.84,80.83,1,1,0,1,1
W-0458,Austria,consumer,organic,14,12,594.79,58.36,0,0,3,0,0
W-0459,Slovenia,consumer,social,6,7,199.84,28.83,0,0,2,0,0
W-0460,Slovenia,consumer,referral,12,11,573.84,57.17,0,0,0,0,0
W-0461,Germany,consumer,organic,18,6,92.71,14.62,0,0,1,0,0
W-0462,Croatia,consumer,organic,11,5,182.52,34.23,0,0,1,0,0
W-0463,Hungary,business,organic,5,9,172.29,20.72,0,0,1,1,1
W-0464,Croatia,consumer,organic,3,3,153.65,45.69,0,0,3,0,0
W-0465,Slovenia,business,organic,5,7,91.2,11.95,1,0,1,1,1
W-0466,Slovenia,consumer,organic,11,6,35.08,5.94,0,1,1,0,0
W-0467,Italy,consumer,social,14,10,255.49,28.33,0,0,1,0,0
W-0468,Austria,consumer,ads,8,1,351.44,370.78,0,0,0,0,0
W-0469,Slovenia,consumer,ads,8,11,543.1,43.38,0,0,0,0,1
W-0470,Italy,consumer,ads,5,8,313.57,45.63,1,1,0,1,1
W-0471,Italy,business,social,7,9,429.32,46.6,0,0,0,0,0
W-0472,Austria,consumer,ads,9,4,174.8,37.44,0,1,0,1,1
W-0473,Slovenia,consumer,ads,3,3,109.12,39.89,0,0,1,1,1
W-0474,Germany,consumer,organic,10,1,57.56,63.63,0,1,0,1,1
W-0475,Italy,consumer,organic,16,12,205.32,14.0,1,1,2,0,0
W-0476,Germany,consumer,organic,14,12,160.21,14.94,0,0,2,1,1
W-0477,Germany,business,ads,7,2,209.21,102.4,1,1,1,0,0
W-0478,Germany,consumer,ads,12,6,108.37,16.72,0,0,0,0,0
W-0479,Slovenia,business,ads,14,11,182.75,17.62,0,1,0,0,0
W-0480,Germany,consumer,referral,6,11,167.52,15.24,0,0,0,1,1
W-0481,Slovenia,business,organic,8,7,181.75,28.05,0,1,0,0,0
W-0482,Italy,consumer,ads,12,7,343.19,58.21,1,0,0,1,1
W-0483,Slovenia,consumer,social,7,2,220.38,96.12,1,1,0,0,0
W-0484,Italy,consumer,ads,10,5,202.73,36.75,0,0,0,0,0
W-0485,Slovenia,consumer,referral,7,3,142.74,52.25,0,1,1,0,0
W-0486,Hungary,consumer,ads,9,3,563.2,204.91,0,0,1,0,0
W-0487,Slovenia,consumer,organic,6,3,105.59,29.94,1,0,0,1,1
W-0488,Italy,consumer,social,12,9,581.21,59.74,1,1,1,0,1
W-0489,Germany,consumer,organic,10,2,509.37,263.22,0,1,0,0,0
W-0490,Slovenia,consumer,organic,10,3,196.36,76.19,0,0,1,0,0
W-0491,Croatia,consumer,ads,11,4,263.5,73.47,1,1,2,0,0
W-0492,Croatia,consumer,organic,13,12,586.98,58.12,1,1,0,1,1
W-0493,Austria,consumer,ads,8,6,239.67,39.28,0,0,3,0,0
W-0494,Austria,business,ads,17,11,119.1,12.13,1,1,2,0,0
W-0495,Germany,consumer,organic,14,7,466.1,77.36,1,1,3,0,0
W-0496,Germany,business,social,11,7,456.15,63.47,0,1,2,1,1
W-0497,Croatia,business,organic,11,3,252.39,98.51,1,1,1,1,1
W-0498,Italy,business,ads,13,9,304.02,32.15,1,0,0,0,0
W-0499,Slovenia,business,referral,3,12,41.78,3.41,0,0,1,1,1
W-0500,Slovenia,business,ads,7,3,378.29,114.24,1,1,0,1,1
W-0501,Germany,business,social,5,2,204.85,85.19,0,0,1,0,0
W-0502,Slovenia,business,referral,8,6,98.11,16.83,1,1,3,1,1
W-0503,Germany,consumer,referral,9,12,166.35,15.62,0,0,1,1,1
W-0504,Italy,consumer,ads,4,9,361.08,45.7,1,0,1,1,1
W-0505,Slovenia,business,referral,6,12,265.89,25.53,1,0,1,1,1
W-0506,Slovenia,consumer,organic,12,4,204.98,42.8,0,0,3,0,0
W-0507,Italy,business,social,16,7,324.94,52.58,1,0,1,0,0
W-0508,Slovenia,business,organic,7,5,281.68,61.61,0,1,4,0,0
W-0509,Italy,consumer,organic,8,8,122.12,17.68,0,0,0,1,1
W-0510,Germany,consumer,ads,6,12,266.35,18.76,0,0,0,1,1
W-0511,Italy,consumer,organic,11,10,248.87,24.09,0,0,0,0,0
W-0512,Italy,business,social,18,6,591.52,88.6,0,1,0,0,0
W-0513,Hungary,consumer,organic,9,2,65.48,27.59,0,0,1,0,0
W-0514,Slovenia,business,organic,8,2,74.22,39.25,1,1,2,0,0
W-0515,Croatia,consumer,referral,17,5,563.33,119.62,0,0,2,0,0
W-0516,Hungary,business,referral,7,5,80.96,18.36,1,0,3,0,0
W-0517,Italy,consumer,ads,15,11,79.46,8.61,0,0,1,0,0
W-0518,Croatia,business,social,7,3,670.16,205.9,0,0,0,0,0
W-0519,Croatia,consumer,organic,11,1,183.99,155.53,0,1,3,0,0
W-0520,Slovenia,consumer,referral,13,1,117.02,117.32,0,0,3,0,0
W-0521,Austria,business,organic,13,11,301.49,32.6,0,0,1,0,0
W-0522,Germany,consumer,organic,11,12,166.1,16.37,0,0,1,0,0
W-0523,Hungary,consumer,social,9,3,231.67,70.63,1,1,0,1,1
W-0524,Croatia,business,social,12,5,152.38,27.64,0,1,1,0,0
W-0525,Italy,consumer,ads,8,4,289.15,72.42,1,1,0,1,1
W-0526,Austria,consumer,ads,8,6,187.59,35.64,1,1,0,1,1
W-0527,Hungary,business,social,17,1,203.5,227.68,1,0,2,0,0
W-0528,Hungary,business,ads,18,1,45.89,42.0,1,1,1,0,0
W-0529,Slovenia,business,ads,18,5,321.59,62.06,0,0,0,0,0
W-0530,Hungary,consumer,organic,8,5,138.48,25.31,1,1,0,0,1
W-0531,Austria,consumer,ads,9,1,389.02,465.11,1,1,1,0,0
W-0532,Germany,consumer,organic,4,2,288.83,115.93,0,0,2,0,0
W-0533,Slovenia,consumer,organic,4,10,34.92,3.3,0,0,0,1,1
W-0534,Hungary,consumer,organic,12,1,70.35,83.05,1,1,2,0,0
W-0535,Austria,consumer,referral,16,2,64.96,34.44,1,1,0,0,0
W-0536,Slovenia,consumer,ads,17,7,764.43,93.56,0,0,1,0,0
W-0537,Croatia,consumer,referral,17,10,105.96,8.61,1,1,1,1,1
W-0538,Slovenia,consumer,social,6,11,98.4,10.45,1,1,0,1,1
W-0539,Austria,consumer,organic,17,6,221.71,39.26,0,1,2,0,0
W-0540,Croatia,consumer,social,5,4,181.87,53.74,0,0,1,0,0
W-0541,Croatia,consumer,social,15,9,313.64,39.88,0,0,0,0,0
W-0542,Germany,consumer,ads,3,7,276.92,34.14,1,1,1,1,1
W-0543,Austria,consumer,ads,16,3,51.91,16.33,1,1,1,0,0
W-0544,Slovenia,consumer,organic,17,6,462.65,80.52,0,0,3,0,0
W-0545,Austria,consumer,organic,7,6,243.08,37.3,0,0,0,0,0
W-0546,Croatia,consumer,organic,11,8,55.29,6.58,1,1,1,0,0
W-0547,Slovenia,consumer,ads,7,4,282.72,83.57,1,1,1,1,1
W-0548,Italy,consumer,organic,15,12,403.56,36.21,1,1,1,1,1
W-0549,Croatia,consumer,social,13,10,313.44,36.52,0,0,1,1,1
W-0550,Germany,consumer,social,18,2,492.93,227.98,0,0,1,0,0
W-0551,Germany,consumer,ads,18,4,270.29,78.2,0,1,0,0,0
W-0552,Slovenia,business,referral,15,8,457.3,52.89,1,1,0,1,1
W-0553,Italy,consumer,ads,8,10,344.52,36.49,0,0,1,1,1
W-0554,Germany,consumer,organic,13,11,442.94,43.5,0,0,2,0,0
W-0555,Croatia,business,ads,17,7,536.19,67.98,1,1,0,1,1
W-0556,Germany,business,organic,7,8,383.34,48.84,1,1,0,1,1
W-0557,Croatia,consumer,ads,12,4,439.25,129.52,0,0,1,0,0
W-0558,Slovenia,consumer,referral,4,4,252.65,69.8,0,0,2,0,0
W-0559,Croatia,consumer,organic,12,4,15.78,3.54,0,0,0,0,0
W-0560,Croatia,business,organic,8,1,120.83,105.13,1,0,2,0,0
W-0561,Germany,consumer,organic,14,8,199.21,20.07,0,1,1,1,1
W-0562,Italy,business,organic,3,7,248.66,40.74,0,1,3,1,1
W-0563,Slovenia,consumer,organic,11,5,372.75,63.21,1,1,0,1,1
W-0564,Austria,consumer,referral,16,7,311.55,36.77,0,1,2,0,0
W-0565,Italy,business,organic,18,8,167.37,18.84,0,0,1,0,0
W-0566,Italy,consumer,referral,15,5,547.37,88.01,0,0,4,0,0
W-0567,Hungary,business,organic,17,6,129.47,19.66,0,0,2,0,0
W-0568,Austria,business,ads,13,5,127.79,20.8,0,0,0,0,0
W-0569,Austria,consumer,referral,17,12,112.13,8.9,1,0,1,0,0
W-0570,Hungary,consumer,social,12,1,71.77,79.79,1,1,0,0,0
W-0571,Austria,consumer,ads,3,4,445.11,124.2,0,1,3,1,1
W-0572,Hungary,business,organic,12,5,295.62,62.04,0,1,1,1,1
W-0573,Croatia,consumer,referral,7,11,25.27,2.01,0,0,1,0,0
W-0574,Croatia,consumer,organic,10,7,130.63,22.08,1,1,0,1,1
W-0575,Slovenia,consumer,organic,13,1,41.6,42.66,0,0,0,0,0
W-0576,Slovenia,consumer,organic,4,12,311.93,21.54,1,1,0,1,1
W-0577,Croatia,consumer,organic,16,5,258.71,55.22,1,1,0,0,0
W-0578,Slovenia,consumer,ads,18,11,229.33,24.87,0,0,1,0,0
W-0579,Slovenia,business,ads,16,4,45.03,13.16,0,1,2,0,0
W-0580,Austria,consumer,social,6,5,318.77,59.4,0,0,1,0,0
W-0581,Austria,consumer,organic,11,11,452.95,35.18,1,0,2,1,1
W-0582,Slovenia,business,referral,3,11,321.81,34.26,0,0,5,0,0
W-0583,Slovenia,consumer,ads,18,1,136.89,137.25,0,1,1,0,0
W-0584,Croatia,consumer,social,11,6,71.94,13.85,1,1,0,1,1
W-0585,Italy,business,social,18,6,66.2,12.17,1,1,0,1,1
W-0586,Croatia,consumer,ads,4,4,250.8,67.94,1,0,1,1,1
W-0587,Slovenia,consumer,ads,3,7,230.15,38.36,1,1,0,1,1
W-0588,Germany,consumer,referral,9,6,102.9,19.96,0,0,0,0,0
W-0589,Slovenia,consumer,organic,7,6,263.45,52.59,0,0,1,1,1
W-0590,Italy,consumer,referral,16,5,103.13,18.63,0,1,2,0,0
W-0591,Italy,business,referral,7,4,262.82,74.13,0,0,2,0,0
W-0592,Croatia,consumer,social,9,4,455.63,92.77,0,0,3,0,0
W-0593,Hungary,consumer,organic,18,11,189.67,20.03,0,0,1,0,0
W-0594,Slovenia,consumer,ads,6,10,413.62,43.97,1,1,0,1,1
W-0595,Slovenia,consumer,ads,13,5,358.02,75.27,0,1,1,0,0
W-0596,Slovenia,business,organic,11,7,315.2,37.9,0,0,1,0,0
W-0597,Germany,consumer,referral,8,7,306.75,41.41,1,0,0,0,0
W-0598,Italy,business,ads,5,12,278.41,20.1,1,0,1,1,1
W-0599,Hungary,consumer,ads,11,1,282.03,330.49,1,1,3,0,0
W-0600,Slovenia,consumer,ads,8,8,117.9,15.56,1,1,2,0,0
W-0601,Croatia,consumer,organic,11,7,116.18,13.75,1,0,1,1,1
W-0602,Austria,consumer,referral,18,12,265.12,21.13,1,0,1,0,0
W-0603,Croatia,consumer,referral,4,9,325.86,29.98,1,0,1,1,1
W-0604,Italy,consumer,organic,6,7,74.43,11.54,1,1,0,1,1
W-0605,Germany,consumer,ads,10,4,40.96,11.06,0,0,0,1,1
W-0606,Croatia,consumer,organic,16,7,219.43,25.38,1,1,0,1,1
W-0607,Germany,consumer,organic,7,11,205.68,17.89,0,0,0,0,0
W-0608,Slovenia,business,organic,17,12,36.53,2.52,1,1,2,0,0
W-0609,Croatia,consumer,referral,3,3,582.69,207.24,1,1,3,1,1
W-0610,Croatia,consumer,referral,18,11,159.54,13.85,1,1,1,0,0
W-0611,Germany,consumer,ads,5,1,269.24,241.29,0,0,1,0,0
W-0612,Slovenia,consumer,organic,3,4,648.43,138.9,0,1,2,1,1
W-0613,Germany,consumer,organic,12,12,137.33,12.79,1,1,2,1,1
W-0614,Austria,consumer,organic,3,5,421.63,101.13,0,0,0,0,0
W-0615,Germany,business,social,12,12,152.28,11.31,1,1,1,1,1
W-0616,Croatia,consumer,organic,5,10,393.61,45.27,0,0,2,1,1
W-0617,Italy,consumer,organic,14,6,243.72,40.9,1,1,0,1,1
W-0618,Germany,consumer,social,12,7,151.11,22.98,0,1,0,0,0
W-0619,Slovenia,consumer,social,13,9,209.37,26.18,1,1,0,1,1
W-0620,Slovenia,business,ads,11,1,311.91,266.93,0,1,5,0,0
W-0621,Austria,consumer,organic,13,3,468.89,131.1,1,0,2,0,1
W-0622,Germany,business,organic,16,12,198.62,15.03,0,1,0,0,0
W-0623,Germany,consumer,ads,15,5,525.51,117.97,1,1,1,1,1
W-0624,Italy,business,organic,4,7,75.3,9.43,0,0,2,0,0
W-0625,Austria,business,organic,16,7,373.38,59.61,1,0,0,0,0
W-0626,Austria,business,social,10,3,301.87,105.8,1,1,0,1,1
W-0627,Slovenia,consumer,organic,7,5,143.69,29.94,1,0,1,1,1
W-0628,Austria,business,organic,15,9,180.14,16.7,1,1,0,1,1
W-0629,Hungary,consumer,organic,11,1,56.21,60.86,0,0,0,0,0
W-0630,Italy,consumer,organic,13,10,146.62,15.17,0,0,2,1,1
W-0631,Slovenia,consumer,organic,12,9,556.57,67.81,1,1,1,1,1
W-0632,Croatia,consumer,social,8,5,115.87,21.7,0,0,0,0,0
W-0633,Germany,consumer,social,8,1,150.24,158.95,1,1,1,0,0
W-0634,Croatia,consumer,social,6,9,304.12,27.24,0,1,1,1,1
W-0635,Hungary,consumer,organic,16,10,378.46,37.52,1,0,1,0,0
W-0636,Hungary,consumer,social,9,4,213.49,49.47,0,1,1,0,0
W-0637,Austria,consumer,social,7,9,360.36,47.16,0,0,0,1,1
W-0638,Austria,consumer,organic,5,10,188.42,21.04,1,1,0,1,1
W-0639,Slovenia,consumer,ads,16,9,122.29,16.25,0,0,0,0,0
W-0640,Italy,business,ads,5,6,355.85,57.43,0,1,0,1,1
W-0641,Germany,consumer,organic,8,4,126.92,29.0,0,0,1,0,0
W-0642,Italy,consumer,referral,16,4,163.86,42.84,0,0,2,0,0
W-0643,Slovenia,business,ads,8,12,294.61,25.89,0,0,1,0,0
W-0644,Slovenia,consumer,organic,3,1,202.67,184.86,0,1,1,1,1
W-0645,Slovenia,business,referral,11,12,395.72,33.74,1,1,2,1,1
W-0646,Croatia,consumer,ads,16,5,390.43,65.42,1,1,2,0,0
W-0647,Hungary,consumer,organic,14,8,193.55,28.41,1,1,2,1,1
W-0648,Italy,consumer,ads,5,1,128.91,107.2,0,0,1,0,0
W-0649,Germany,consumer,organic,15,1,304.66,358.54,0,0,2,0,0
W-0650,Slovenia,consumer,ads,5,5,411.68,83.57,1,1,0,1,1
W-0651,Germany,consumer,organic,18,5,252.83,54.58,0,0,4,0,0
W-0652,Hungary,business,organic,4,7,258.15,38.33,1,1,0,0,1
W-0653,Croatia,consumer,organic,5,8,97.87,10.47,0,0,1,0,0
W-0654,Italy,business,organic,8,9,213.58,25.53,0,0,0,0,0
W-0655,Germany,consumer,referral,5,7,179.72,26.91,0,0,1,0,0
W-0656,Slovenia,consumer,social,11,5,104.31,18.67,0,0,0,0,0
W-0657,Hungary,consumer,organic,4,8,179.03,24.78,1,0,0,1,1
W-0658,Germany,consumer,ads,10,8,109.1,16.21,0,0,1,0,0
W-0659,Hungary,consumer,social,8,8,330.95,40.34,0,0,0,1,1
W-0660,Germany,consumer,organic,17,6,420.23,78.6,1,1,2,0,0
W-0661,Croatia,business,ads,15,5,262.64,45.96,0,1,0,0,0
W-0662,Austria,consumer,referral,13,10,184.02,17.31,1,0,1,0,0
W-0663,Croatia,consumer,ads,17,4,229.67,66.9,0,0,0,0,0
W-0664,Italy,consumer,social,8,8,552.8,64.53,0,0,0,0,0
W-0665,Hungary,business,organic,11,7,86.05,12.78,0,1,0,0,0
W-0666,Slovenia,consumer,organic,10,6,139.48,19.54,0,0,1,0,0
W-0667,Slovenia,consumer,social,5,6,126.02,24.38,1,1,2,1,1
W-0668,Hungary,consumer,ads,6,8,301.14,38.92,1,1,3,1,1
W-0669,Hungary,consumer,ads,14,6,258.47,37.45,0,1,0,1,1
W-0670,Slovenia,consumer,social,14,4,96.68,25.42,1,1,2,0,0
W-0671,Hungary,consumer,social,4,3,398.55,157.58,0,0,0,1,1
W-0672,Germany,consumer,social,11,11,32.31,2.63,0,0,0,0,0
W-0673,Germany,business,organic,12,11,184.42,15.06,0,0,1,0,0
W-0674,Croatia,business,ads,13,11,336.15,25.6,0,0,0,1,1
W-0675,Italy,business,referral,7,2,279.96,128.29,0,0,0,0,0
W-0676,Slovenia,consumer,ads,3,3,236.58,86.24,0,1,3,0,0
W-0677,Italy,consumer,referral,6,3,142.33,52.65,1,1,1,1,1
W-0678,Italy,consumer,referral,16,9,275.12,26.91,0,0,0,0,0
W-0679,Slovenia,business,referral,10,11,64.54,6.9,1,1,0,1,1
W-0680,Slovenia,consumer,organic,17,2,425.42,210.47,0,0,1,0,0
W-0681,Slovenia,consumer,referral,4,9,172.67,22.63,0,1,3,0,0
W-0682,Italy,consumer,social,14,8,114.12,16.86,0,0,0,0,0
W-0683,Germany,consumer,ads,11,7,186.32,25.2,0,0,1,0,0
W-0684,Croatia,business,organic,4,12,232.02,20.07,1,1,1,1,1
W-0685,Croatia,consumer,ads,12,3,187.14,53.06,1,1,0,0,0
W-0686,Germany,consumer,organic,8,9,59.7,7.82,0,0,1,0,0
W-0687,Germany,business,organic,10,2,368.62,212.36,1,0,1,0,0
W-0688,Italy,consumer,ads,7,7,398.39,50.92,1,1,0,1,1
W-0689,Croatia,business,referral,4,6,238.79,45.71,1,0,1,1,1
W-0690,Hungary,business,referral,9,5,629.68,116.59,0,0,1,0,0
W-0691,Slovenia,consumer,social,17,8,278.2,37.91,1,1,2,1,1
W-0692,Croatia,consumer,organic,4,12,140.92,12.48,1,0,0,1,1
W-0693,Germany,consumer,organic,15,8,239.81,26.87,0,0,3,0,0
W-0694,Italy,consumer,social,6,5,319.08,66.33,0,0,0,0,0
W-0695,Austria,consumer,ads,8,11,162.79,16.65,0,0,2,0,0
W-0696,Germany,business,social,10,5,175.93,41.52,0,0,1,0,0
W-0697,Austria,consumer,ads,4,8,286.33,40.26,0,0,1,0,0
W-0698,Croatia,consumer,organic,16,6,126.65,24.82,1,0,1,0,0
W-0699,Austria,consumer,ads,9,3,667.2,197.38,1,1,1,1,1
W-0700,Austria,business,organic,16,10,71.68,6.86,0,0,1,0,0
W-0701,Italy,business,organic,7,12,93.99,8.69,1,1,2,1,1
W-0702,Slovenia,consumer,ads,13,2,215.59,122.09,0,0,1,0,0
W-0703,Hungary,business,referral,4,12,390.5,31.44,0,0,0,1,1
W-0704,Italy,consumer,ads,3,4,366.86,89.13,0,0,2,0,0
W-0705,Slovenia,consumer,ads,6,7,308.58,37.63,1,1,1,1,1
W-0706,Slovenia,consumer,ads,10,7,666.6,102.99,0,0,0,0,0
W-0707,Italy,consumer,social,10,4,273.9,59.17,0,0,0,0,0
W-0708,Croatia,business,social,17,3,393.32,136.48,0,1,0,0,0
W-0709,Croatia,business,ads,8,10,226.34,24.55,0,1,0,1,1
W-0710,Italy,consumer,ads,6,7,294.09,42.49,1,0,1,1,1
W-0711,Slovenia,consumer,organic,14,1,247.52,239.16,1,0,0,0,0
W-0712,Hungary,consumer,referral,3,8,276.99,30.93,0,1,0,1,1
W-0713,Slovenia,consumer,referral,16,6,367.89,69.27,1,0,1,0,0
W-0714,Germany,consumer,organic,8,3,191.52,69.81,0,1,1,0,0
W-0715,Slovenia,consumer,organic,8,12,255.96,20.81,0,0,0,0,0
W-0716,Croatia,consumer,organic,10,4,275.94,68.42,1,1,2,1,1
W-0717,Germany,consumer,ads,6,7,258.22,39.39,0,0,0,0,0
W-0718,Austria,consumer,ads,18,8,160.54,17.95,0,1,1,0,0
W-0719,Austria,business,organic,5,5,191.11,32.14,0,0,2,0,0
W-0720,Slovenia,consumer,social,18,6,614.63,87.45,1,1,0,0,0
W-0721,Germany,business,organic,10,1,260.35,294.92,1,1,0,1,1
W-0722,Croatia,consumer,organic,4,5,154.61,35.07,1,1,1,0,0
W-0723,Hungary,consumer,referral,7,11,123.5,11.0,0,0,0,1,1
W-0724,Hungary,consumer,referral,12,12,347.05,24.18,1,1,1,1,1
W-0725,Austria,business,referral,17,8,179.95,25.34,1,0,0,1,1
W-0726,Germany,business,social,9,8,177.78,23.89,1,1,1,1,1
W-0727,Hungary,consumer,social,7,12,152.49,13.57,1,1,1,1,1
W-0728,Austria,business,ads,14,3,112.82,40.95,1,1,2,0,0
W-0729,Croatia,business,ads,8,8,305.61,41.01,0,0,0,1,1
W-0730,Croatia,consumer,organic,17,3,162.82,45.75,0,0,1,0,0
W-0731,Croatia,consumer,ads,3,7,426.43,57.02,1,0,2,1,1
W-0732,Croatia,consumer,organic,15,8,154.2,18.47,1,1,1,0,0
W-0733,Croatia,consumer,organic,11,1,302.47,351.63,1,0,0,0,0
W-0734,Slovenia,consumer,ads,10,7,537.61,68.8,0,0,2,0,0
W-0735,Slovenia,consumer,organic,6,9,127.81,14.94,1,1,1,1,1
W-0736,Italy,consumer,ads,3,3,83.93,22.46,1,1,0,1,1
W-0737,Slovenia,consumer,social,14,11,84.93,7.19,0,0,1,0,0
W-0738,Austria,consumer,ads,17,2,125.06,60.21,0,0,1,0,0
W-0739,Hungary,consumer,referral,12,12,271.91,22.89,0,1,0,1,1
W-0740,Slovenia,consumer,organic,17,4,280.66,83.74,0,0,0,0,0
W-0741,Germany,consumer,ads,9,4,107.05,21.57,0,0,0,0,0
W-0742,Italy,consumer,organic,13,11,221.12,21.15,0,0,0,0,0
W-0743,Austria,business,organic,3,4,145.94,42.74,1,0,0,0,0
W-0744,Slovenia,business,organic,17,10,162.64,17.81,1,0,1,0,0
W-0745,Croatia,consumer,ads,13,7,108.22,14.67,0,1,1,0,0
W-0746,Croatia,consumer,referral,8,11,101.6,10.11,1,0,1,0,0
W-0747,Germany,consumer,referral,6,3,501.31,181.31,1,1,2,1,1
W-0748,Slovenia,consumer,social,8,8,589.06,68.96,1,0,1,1,1
W-0749,Croatia,consumer,social,9,4,354.12,80.42,0,1,0,0,0
W-0750,Germany,consumer,referral,18,10,53.86,5.67,1,0,1,0,0
W-0751,Austria,consumer,referral,13,6,244.06,44.32,1,1,0,1,1
W-0752,Slovenia,consumer,ads,8,12,139.04,10.92,0,1,0,1,1
W-0753,Germany,consumer,organic,8,10,399.69,46.12,1,0,0,1,1
W-0754,Slovenia,consumer,referral,10,10,165.24,17.03,1,1,0,1,1
W-0755,Slovenia,business,ads,16,3,110.45,35.67,0,0,1,0,0
W-0756,Slovenia,consumer,social,8,4,128.25,33.88,0,0,1,0,0
W-0757,Germany,consumer,organic,13,1,217.95,216.35,1,1,0,0,0
W-0758,Germany,consumer,social,6,1,295.45,267.03,1,1,1,0,0
W-0759,Germany,consumer,organic,3,1,130.85,151.13,1,1,0,1,1
W-0760,Austria,consumer,organic,9,10,125.51,11.01,0,0,2,0,0
W-0761,Germany,consumer,ads,5,10,205.76,21.77,1,0,1,1,1
W-0762,Hungary,consumer,organic,15,12,325.15,31.97,0,1,0,1,1
W-0763,Croatia,consumer,ads,12,1,125.85,102.97,1,1,0,0,0
W-0764,Croatia,consumer,ads,14,4,902.47,204.26,0,0,0,0,0
W-0765,Hungary,consumer,organic,12,12,395.23,38.81,1,0,0,1,1
W-0766,Croatia,consumer,social,3,8,245.45,26.19,0,0,1,0,0
W-0767,Slovenia,business,referral,16,1,382.07,382.62,0,0,1,0,0
W-0768,Hungary,business,organic,8,3,102.48,40.52,0,0,1,0,0
W-0769,Slovenia,consumer,organic,15,8,250.31,26.94,1,0,1,0,0
W-0770,Croatia,consumer,referral,15,8,96.38,9.97,0,0,1,0,0
W-0771,Hungary,consumer,ads,10,10,89.01,8.12,0,0,1,0,0
W-0772,Austria,consumer,referral,16,1,125.92,108.12,1,1,1,0,0
W-0773,Croatia,consumer,social,8,2,39.53,15.84,1,1,1,0,0
W-0774,Italy,consumer,referral,8,2,174.56,86.86,0,1,0,0,0
W-0775,Slovenia,consumer,ads,6,4,643.92,159.56,1,1,0,1,1
W-0776,Croatia,consumer,referral,15,10,248.62,29.66,1,1,0,0,1
W-0777,Austria,consumer,organic,8,11,345.81,36.71,0,0,0,1,1
W-0778,Croatia,consumer,referral,14,8,147.45,14.76,0,0,0,0,0
W-0779,Austria,consumer,organic,8,10,689.37,67.41,0,0,1,1,1
W-0780,Hungary,business,ads,8,9,279.59,27.28,0,0,1,0,0
W-0781,Croatia,business,ads,5,8,125.92,14.95,0,0,0,0,0
W-0782,Austria,consumer,organic,11,5,508.88,95.67,1,1,1,0,1
W-0783,Germany,consumer,referral,10,2,253.9,128.48,0,0,1,0,0
W-0784,Croatia,consumer,ads,5,11,187.34,14.38,1,1,1,1,1
W-0785,Slovenia,consumer,social,13,11,122.24,13.09,0,0,1,0,0
W-0786,Germany,business,organic,3,4,143.75,36.54,1,1,0,0,0
W-0787,Germany,consumer,referral,10,1,141.28,123.54,0,0,3,0,0
W-0788,Hungary,consumer,organic,6,2,452.85,219.48,1,1,4,0,0
W-0789,Slovenia,consumer,organic,4,5,110.65,25.13,1,1,1,1,1
W-0790,Croatia,business,ads,12,2,147.39,71.35,0,0,3,0,0
W-0791,Slovenia,business,social,3,1,350.9,354.78,0,1,0,1,1
W-0792,Italy,consumer,ads,15,2,438.57,250.16,0,0,1,0,0
W-0793,Italy,consumer,ads,7,1,233.45,201.47,0,0,0,0,0
W-0794,Slovenia,consumer,social,17,9,786.22,103.21,1,0,2,1,1
W-0795,Hungary,consumer,organic,5,4,176.53,52.26,0,0,0,0,0
W-0796,Austria,consumer,referral,17,12,230.61,17.35,0,0,0,0,0
W-0797,Italy,business,referral,14,10,290.54,26.81,1,1,1,1,1
W-0798,Germany,consumer,referral,3,7,245.01,36.74,0,1,1,1,1
W-0799,Slovenia,consumer,ads,8,3,157.04,60.79,1,1,0,0,0
W-0800,Slovenia,business,social,16,4,133.15,29.66,0,1,2,0,0
W-0801,Germany,consumer,social,6,11,271.86,23.91,1,1,2,1,1
W-0802,Austria,consumer,ads,4,1,392.9,468.12,1,0,0,0,0
W-0803,Germany,consumer,ads,14,1,618.54,734.58,1,1,1,0,0
W-0804,Italy,business,referral,4,10,331.19,35.86,0,0,0,1,1
